Code,Name,Market,Marcap
005930,삼성전자,KOSPI,1578495224160000
000660,SK하이닉스,KOSPI,1367675838435000
402340,SK스퀘어,KOSPI,161121189306000
005935,삼성전자우,KOSPI,153333136893300
009150,삼성전기,KOSPI,108156471808000
005380,현대차,KOSPI,88455354912000
373220,LG에너지솔루션,KOSPI,81432000000000
032830,삼성생명,KOSPI,65900000000000
207940,삼성바이오로직스,KOSPI,63835221429000
105560,KB금융,KOSPI,62531447504200
000270,기아,KOSPI,58483867100400
028260,삼성물산,KOSPI,58380329160000
329180,HD현대중공업,KOSPI,52270690050000
012450,한화에어로스페이스,KOSPI,49397738158000
055550,신한지주,KOSPI,49269122671800
012330,현대모비스,KOSPI,47543873492000
034730,SK,KOSPI,47489270465000
034020,두산에너빌리티,KOSPI,46889075887200
068270,셀트리온,KOSPI,40045748173200
006400,삼성SDI,KOSPI,37633442510000
086790,하나금융지주,KOSPI,35804991114000
035420,NAVER,KOSPI,34527733240000
010120,LS ELECTRIC,KOSPI,33525000000000
267260,HD현대일렉트릭,KOSPI,31324960315000
066570,LG전자,KOSPI,30540869625000
000810,삼성화재,KOSPI,28485087774000
042660,한화오션,KOSPI,27546564120600
009540,HD한국조선해양,KOSPI,26964557196000
298040,효성중공업,KOSPI,26724154568000
005490,POSCO홀딩스,KOSPI,25634633984500
015760,한국전력,KOSPI,22853921141200
316140,우리금융지주,KOSPI,22497971173800
096770,SK이노베이션,KOSPI,22348778573600
006800,미래에셋증권,KOSPI,21935021696000
010130,고려아연,KOSPI,21770506667000
017670,SK텔레콤,KOSPI,21371610273500
010140,삼성중공업,KOSPI,20812000000000
000150,두산,KOSPI,20663333460000
042700,한미반도체,KOSPI,20587435200000
011200,HMM,KOSPI,19807997370000
138040,메리츠금융지주,KOSPI,19512692031800
051910,LG화학,KOSPI,19165821124500
033780,KT&G,KOSPI,18644357897600
267250,HD현대,KOSPI,18286899177500
064350,현대로템,KOSPI,18172191784500
018260,삼성에스디에스,KOSPI,16868360400000
010950,S-Oil,KOSPI,16864902241600
024110,기업은행,KOSPI,16785814542450
035720,카카오,KOSPI,16456746750500
079550,LIG디펜스앤에어로스페이스,KOSPI,16192000000000
011070,LG이노텍,KOSPI,16069965653000
047810,한국항공우주,KOSPI,15995665058700
003550,LG,KOSPI,15361107606400
086280,현대글로비스,KOSPI,15337500000000
278470,에이피알,KOSPI,13852117350000
003670,포스코퓨처엠,KOSPI,13537614684000
030200,KT,KOSPI,13281542799500
272210,한화시스템,KOSPI,13167681413300
071050,한국금융지주,KOSPI,12343307228000
000720,현대건설,KOSPI,12126642808500
307950,현대오토에버,KOSPI,11792312260000
005940,NH투자증권,KOSPI,11076183150000
259960,크래프톤,KOSPI,10957735337500
005830,DB손해보험,KOSPI,10833757724600
323410,카카오뱅크,KOSPI,10544361657700
006260,LS,KOSPI,10030800000000
047050,포스코인터내셔널,KOSPI,9957229800800
277810,레인보우로보틱스,KOSDAQ,9855127864000
443060,HD현대마린솔루션,KOSPI,9639193900000
161390,한국타이어앤테크놀로지,KOSPI,9501217792300
003490,대한항공,KOSPI,9481682020750
0126Z0,삼성에피스홀딩스,KOSPI,9455558620000
016360,삼성증권,KOSPI,9367570000000
028050,삼성E&A,KOSPI,9143400000000
352820,하이브,KOSPI,9094574539000
078930,GS,KOSPI,8695018332000
003230,삼양식품,KOSPI,8489707905000
039490,키움증권,KOSPI,8248805382000
005387,현대차2우B,KOSPI,7185087615000
180640,한진칼,KOSPI,7003363067100
090430,아모레퍼시픽,KOSPI,6960638321000
007660,이수페타시스,KOSPI,6856421054600
064400,LG씨엔에스,KOSPI,6772327765200
267270,HD건설기계,KOSPI,6723442149100
047040,대우건설,KOSPI,6714230804920
000880,한화,KOSPI,6677099929300
241560,두산밥캣,KOSPI,6642825304500
000500,가온전선,KOSPI,6461740719000
021240,코웨이,KOSPI,6418605538200
032640,LG유플러스,KOSPI,6277286156280
326030,SK바이오팜,KOSPI,6241566025000
353200,대덕전자,KOSPI,6088165160000
001440,대한전선,KOSPI,6075770476000
377300,카카오페이,KOSPI,5863959918750
000100,유한양행,KOSPI,5686838711400
062040,산일전기,KOSPI,5621070060000
029780,삼성카드,KOSPI,5578605601650
138930,BNK금융지주,KOSPI,5514511376410
034220,LG디스플레이,KOSPI,5240000000000
009830,한화솔루션,KOSPI,5156776080000
004170,신세계,KOSPI,5138178464000
271560,오리온,KOSPI,5111072288400
128940,한미약품,KOSPI,4983475499000
036570,NC,KOSPI,4847404950000
088980,맥쿼리인프라,KOSPI,4832322909370
175330,JB금융지주,KOSPI,4809879071200
000990,DB하이텍,KOSPI,4789855138800
005385,현대차우,KOSPI,4784896800000
010060,OCI홀딩스,KOSPI,4611547304000
319660,피에스케이,KOSDAQ,4547774098000
454910,두산로보틱스,KOSPI,4524434604000
011790,SKC,KOSPI,4354730564400
082740,한화엔진,KOSPI,4197391242600
039030,이오테크닉스,KOSDAQ,4046972175000
028300,HLB,KOSDAQ,3995946690000
088350,한화생명,KOSPI,3990895350000
001040,CJ,KOSPI,3900964632600
000250,삼천당제약,KOSDAQ,3896286099200
018880,한온시스템,KOSPI,3889535072080
111770,영원무역,KOSPI,3881684596800
002380,KCC,KOSPI,3785170688000
004020,현대제철,KOSPI,3756498847750
051900,LG생활건강,KOSPI,3713929704000
440110,파두,KOSDAQ,3692475169900
052690,한전기술,KOSPI,3672942000000
023530,롯데쇼핑,KOSPI,3626618391000
066970,엘앤에프,KOSPI,3624878466000
001450,현대해상,KOSPI,3290582450000
103590,일진전기,KOSPI,3175846974000
036460,한국가스공사,KOSPI,3175567200000
108490,로보티즈,KOSDAQ,3174112562000
011780,금호석유화학,KOSPI,3147181357500
095340,ISC,KOSDAQ,3120206937600
214370,케어젠,KOSDAQ,3093984000000
035250,강원랜드,KOSPI,3080743200000
022100,포스코DX,KOSPI,3063499789350
251270,넷마블,KOSPI,3015192212800
069960,현대백화점,KOSPI,3010461715200
336260,두산퓨얼셀,KOSPI,3009436709700
483650,달바글로벌,KOSPI,2998539600000
145020,휴젤,KOSDAQ,2971423969500
031210,서울보증보험,KOSPI,2956944675300
006360,GS건설,KOSPI,2944003256000
347850,디앤디파마텍,KOSDAQ,2933606976000
383220,F&F,KOSPI,2926660530000
097950,CJ제일제당,KOSPI,2863306177200
139130,iM금융지주,KOSPI,2841039539520
028670,팬오션,KOSPI,2833218413600
084370,유진테크,KOSDAQ,2804923540800
080220,제주반도체,KOSDAQ,2786425189700
017800,현대엘리베이터,KOSPI,2752103904000
475150,SK이터닉스,KOSPI,2745800522400
012750,에스원,KOSPI,2739740733800
178320,서진시스템,KOSDAQ,2705156322500
004800,효성,KOSPI,2688509364200
011170,롯데케미칼,KOSPI,2686296313200
131290,티에스이,KOSDAQ,2649212245500
005850,에스엘,KOSPI,2642920788000
302440,SK바이오사이언스,KOSPI,2640063008450
450080,에코프로머티,KOSPI,2623653883500
031980,피에스케이홀딩스,KOSDAQ,2609049795000
014680,한솔케미칼,KOSPI,2599044164000
009420,한올바이오파마,KOSPI,2593747676700
026960,동서,KOSPI,2577245000000
009970,영원무역홀딩스,KOSPI,2550606567300
375500,DL이앤씨,KOSPI,2546040393400
087010,펩트론,KOSDAQ,2536927680000
279570,케이뱅크,KOSPI,2523423839220
310210,보로노이,KOSDAQ,2459196691500
003690,코리안리,KOSPI,2429914176250
001720,신영증권,KOSPI,2429832000000
161890,한국콜마,KOSPI,2417159884800
000240,한국앤컴퍼니,KOSPI,2416101858000
081660,미스토홀딩스,KOSPI,2407714944000
067310,하나마이크론,KOSDAQ,2403644914350
018670,SK가스,KOSPI,2402254818000
319400,현대무벡스,KOSDAQ,2400153640450
257720,실리콘투,KOSDAQ,2386975572800
007340,DN오토모티브,KOSPI,2375541119000
008930,한미사이언스,KOSPI,2349249742500
005440,현대지에프홀딩스,KOSPI,2347484147200
004990,롯데지주,KOSPI,2327149169600
489790,한화비전,KOSPI,2317417101000
005290,동진쎄미켐,KOSDAQ,2314043720400
139480,이마트,KOSPI,2301491304600
071970,HD현대마린엔진,KOSPI,2296485211500
204320,HL만도,KOSPI,2218723920000
004370,농심,KOSPI,2214081688000
085620,미래에셋생명,KOSPI,2208841200000
030000,제일기획,KOSPI,2161624617750
263750,펄어비스,KOSDAQ,2152403917500
089970,브이엠,KOSDAQ,2148264024000
007070,GS리테일,KOSPI,2127808711750
051600,한전KPS,KOSPI,2090250000000
282330,BGF리테일,KOSPI,2044686079800
192820,코스맥스,KOSPI,2008863093000
322000,HD현대에너지솔루션,KOSPI,1920800000000
089030,테크윙,KOSDAQ,1882325166000
098460,고영,KOSDAQ,1879026068150
112610,씨에스윈드,KOSPI,1878736003650
032820,우리기술,KOSDAQ,1867064423680
439260,대한조선,KOSPI,1862538897000
008770,호텔신라,KOSPI,1856436123300
058610,에스피지,KOSDAQ,1856245032000
002790,아모레퍼시픽홀딩스,KOSPI,1854110865000
073240,금호타이어,KOSPI,1849956248280
457190,이수스페셜티케미컬,KOSPI,1834285530400
103140,풍산,KOSPI,1827182925600
462870,시프트업,KOSPI,1818061495500
950160,코오롱티슈진,KOSDAQ,1788621868000
000120,CJ대한통운,KOSPI,1749706784800
000155,두산우,KOSPI,1748452125000
020150,롯데에너지머티리얼즈,KOSPI,1735915098450
068760,셀트리온제약,KOSDAQ,1733911064600
00680K,미래에셋증권2우B,KOSPI,1725360000000
281820,케이씨텍,KOSPI,1704664712100
290650,엘앤씨바이오,KOSDAQ,1701788322400
010170,대한광통신,KOSDAQ,1685464554400
120110,코오롱인더,KOSPI,1682966998400
023590,다우기술,KOSPI,1679547705600
395400,SK리츠,KOSPI,1667637614800
420770,기가비스,KOSDAQ,1649116115800
001740,SK네트웍스,KOSPI,1634840195350
011210,현대위아,KOSPI,1631704980000
060370,LS마린솔루션,KOSDAQ,1619404474000
140410,메지온,KOSDAQ,1615996483200
229640,LS에코에너지,KOSPI,1613931123300
007390,네이처셀,KOSDAQ,1549663096800
001120,LX인터내셔널,KOSPI,1538772000000
007810,코리아써키트,KOSPI,1537285942000
001800,오리온홀딩스,KOSPI,1533994626000
006040,동원산업,KOSPI,1516237132650
009155,삼성전기우,KOSPI,1465119936000
083650,비에이치아이,KOSDAQ,1457480062500
089860,롯데렌탈,KOSPI,1450560050600
006280,녹십자,KOSPI,1438612827800
097230,HJ중공업,KOSPI,1437501876480
069620,대웅제약,KOSPI,1434417985000
030530,원익홀딩스,KOSDAQ,1429675028310
020560,아시아나항공,KOSPI,1429575534340
0009K0,에임드바이오,KOSDAQ,1409831309800
183300,코미코,KOSDAQ,1405299204000
298020,효성티앤씨,KOSPI,1393513604000
012630,HDC,KOSPI,1380033755100
043260,성호전자,KOSDAQ,1378888860420
294870,IPARK현대산업개발,KOSPI,1367577097500
415640,KB발해인프라,KOSPI,1322266462920
001430,세아베스틸지주,KOSPI,1314346661350
005070,코스모신소재,KOSPI,1287064626250
192080,더블유게임즈,KOSPI,1280994814000
218410,RFHIC,KOSDAQ,1279875904400
078600,대주전자재료,KOSDAQ,1275176005600
181710,NHN,KOSPI,1260995851500
007310,오뚜기,KOSPI,1258458620000
003540,대신증권,KOSPI,1248852501200
017960,한국카본,KOSPI,1214397421000
127120,제이에스링크,KOSDAQ,1214211300900
093370,후성,KOSPI,1210912675700
004000,롯데정밀화학,KOSPI,1207440000000
437730,삼현,KOSDAQ,1203302167650
361610,SK아이이테크놀로지,KOSPI,1201452499000
039200,오스코텍,KOSDAQ,1193655091200
082640,동양생명,KOSPI,1192318118840
000815,삼성화재우,KOSPI,1192283430000
066575,LG전자우,KOSPI,1180355241300
003570,SNT다이내믹스,KOSPI,1132254332850
006340,대원전선,KOSPI,1113484707200
030610,교보증권,KOSPI,1112278499360
031330,에스에이엠티,KOSDAQ,1093946032980
166090,하나머티리얼즈,KOSDAQ,1081838767800
458870,씨어스,KOSDAQ,1078993629000
100090,SK오션플랜트,KOSPI,1078372506540
323280,태성,KOSDAQ,1068829300000
000210,DL,KOSPI,1066654495600
000080,하이트진로,KOSPI,1050601492780
077970,STX엔진,KOSPI,1047864444300
300720,한일시멘트,KOSPI,1039929255260
475830,오름테라퓨틱,KOSDAQ,1036024443000
330590,롯데리츠,KOSPI,1028729227040
003240,태광산업,KOSPI,982018800000
347700,스피어,KOSDAQ,976898309900
003090,대웅,KOSPI,963412608600
491000,리브스메드,KOSDAQ,960168614400
003530,한화투자증권,KOSPI,951519382125
009450,경동나비엔,KOSPI,945501620800
034230,파라다이스,KOSPI,942967108760
051915,LG화학우,KOSPI,941109120000
280360,롯데웰푸드,KOSPI,938866548000
001820,삼화콘덴서,KOSPI,937629000000
006120,SK디스커버리,KOSPI,936859803800
099320,쎄트렉아이,KOSDAQ,933048885600
185750,종근당,KOSPI,931687650000
005300,롯데칠성,KOSPI,926960511600
032350,롯데관광개발,KOSPI,920829039900
192400,쿠쿠홀딩스,KOSPI,919282482250
195870,해성디에스,KOSPI,912900000000
036540,SFA반도체,KOSDAQ,907820872560
009240,한샘,KOSPI,883698996400
003470,유안타증권,KOSPI,878621265120
204270,제이앤티씨,KOSDAQ,875247290580
071055,한국금융지주우,KOSPI,872293573900
451800,한화리츠,KOSPI,871060000000
090710,휴림로봇,KOSDAQ,869194140830
030190,NICE평가정보,KOSPI,855984487310
417200,LS머트리얼즈,KOSDAQ,853776556580
252990,샘씨엔에스,KOSDAQ,845459161560
388210,씨엠티엑스,KOSDAQ,840901549800
085660,차바이오텍,KOSDAQ,833036700160
281740,레이크머티리얼즈,KOSDAQ,820317239040
036530,SNT홀딩스,KOSPI,812748717100
083450,GST,KOSDAQ,803548000000
476830,알지노믹스,KOSDAQ,796774382400
232140,와이씨,KOSDAQ,796660348500
456040,OCI,KOSPI,790505308500
005090,SGC에너지,KOSPI,788190515100
499790,GS피앤엘,KOSPI,787284387700
365550,ESR켄달스퀘어리츠,KOSPI,783793465000
079160,CJ CGV,KOSPI,779893622100
388720,유일로보틱스,KOSDAQ,776390635500
065350,신성델타테크,KOSDAQ,773673136200
376900,로킷헬스케어,KOSDAQ,772259834850
213420,덕산네오룩스,KOSDAQ,769766549000
100790,미래에셋벤처투자,KOSDAQ,768123557880
214320,이노션,KOSPI,764000000000
071320,지역난방공사,KOSPI,757249857600
119850,지엔씨에너지,KOSDAQ,749247804950
004490,세방전지,KOSPI,745668000000
019210,와이지-원,KOSDAQ,743874560000
328130,루닛,KOSDAQ,732668491200
137310,에스디바이오센서,KOSPI,730532067100
074600,원익QnC,KOSDAQ,726863200000
064960,SNT모티브,KOSPI,724549425600
093320,케이아이엔엑스,KOSDAQ,724192000000
032190,다우데이타,KOSDAQ,715444000000
032500,케이엠더블유,KOSDAQ,712195912880
248070,솔루엠,KOSPI,710071104600
003850,보령,KOSPI,706028713610
285130,SK케미칼,KOSPI,705789652800
075580,세진중공업,KOSPI,699248308800
298050,HS효성첨단소재,KOSPI,696183919200
115180,큐리언트,KOSDAQ,693979418500
002350,넥센타이어,KOSPI,686605175310
189300,인텔리안테크,KOSDAQ,686126058300
000400,롯데손해보험,KOSPI,685843267200
000370,한화손해보험,KOSPI,673583539550
005690,파미셀,KOSPI,670844876520
466100,클로봇,KOSDAQ,669577985700
006650,대한유화,KOSPI,669500000000
041830,인바디,KOSDAQ,661911306200
090360,로보스타,KOSDAQ,657150000000
025540,한국단자,KOSPI,656463500000
000670,영풍,KOSPI,656340848950
161580,필옵틱스,KOSDAQ,655210803650
002960,한국쉘석유,KOSPI,655200000000
093050,LF,KOSPI,654976000000
102710,이엔에프테크놀로지,KOSDAQ,645810187200
445680,큐리옥스바이오시스템즈,KOSDAQ,641681411500
00088K,한화3우B,KOSPI,639376330950
079940,가비아,KOSDAQ,638153524200
108320,LX세미콘,KOSPI,635120915000
001570,금양,KOSPI,633275240400
048410,현대바이오,KOSDAQ,632111496600
293940,신한알파리츠,KOSPI,631307442060
017940,E1,KOSPI,629748000000
069260,TKG휴켐스,KOSPI,627895111680
397030,에이프릴바이오,KOSDAQ,621637080300
317450,명인제약,KOSPI,619770000000
006380,카프로,KOSPI,618539985360
005880,대한해운,KOSPI,618383903440
094170,동운아나텍,KOSDAQ,616843112000
490470,세미파이브,KOSDAQ,611437156800
090460,비에이치,KOSPI,610178837800
053800,안랩,KOSDAQ,606394577000
001680,대상,KOSPI,605647477000
005180,빙그레,KOSPI,601560111900
383800,LX홀딩스,KOSPI,601091837200
453340,현대그린푸드,KOSPI,600724359500
037460,삼지전자,KOSDAQ,597257905200
114090,GKL,KOSPI,591340205200
002840,미원상사,KOSPI,588050000000
053610,프로텍,KOSDAQ,586800000000
050890,쏠리드,KOSDAQ,583870291740
003160,디아이,KOSPI,582980000000
003620,KG모빌리티,KOSPI,582839746560
094800,맵스리얼티,KOSPI,582071255370
268280,미원에스씨,KOSPI,579000000000
100840,SNT에너지,KOSPI,574925767400
171090,선익시스템,KOSDAQ,574839419400
044490,태웅,KOSDAQ,574211834700
010780,아이에스동서,KOSPI,573552544000
001270,부국증권,KOSPI,566195775600
225570,넥슨게임즈,KOSDAQ,565738894660
178920,PI첨단소재,KOSPI,562071403080
001060,JW중외제약,KOSPI,561190913000
014820,동원시스템즈,KOSPI,560401481060
00104K,CJ4우(전환),KOSPI,556208979200
033240,자화전자,KOSPI,555261401400
045100,한양이엔지,KOSDAQ,552125000000
112040,위메이드,KOSDAQ,550983879090
006110,삼아알미늄,KOSPI,550493762000
121600,나노신소재,KOSDAQ,547506828150
124500,아이티센글로벌,KOSDAQ,545306384500
003300,한일홀딩스,KOSPI,545099929920
007700,F&F홀딩스,KOSPI,544863132310
000640,동아쏘시오홀딩스,KOSPI,541968423500
383310,에코프로에이치엔,KOSDAQ,536958259200
439960,코스모로보틱스,KOSDAQ,533812797700
122640,예스티,KOSDAQ,532460065100
059090,미코,KOSDAQ,524977582380
476060,온코닉테라퓨틱스,KOSDAQ,524460552000
399720,가온칩스,KOSDAQ,524160904800
016380,KG스틸,KOSPI,523046531310
086900,메디톡스,KOSDAQ,521842535500
041960,코미팜,KOSDAQ,520899789750
001510,SK증권,KOSPI,520413941250
060250,NHN KCP,KOSDAQ,515260639130
336370,솔루스첨단소재,KOSPI,513990958080
160190,하이젠알앤엠,KOSDAQ,513976320000
009410,태영건설,KOSPI,512747704394
295310,에이치브이엠,KOSDAQ,511377363450
033500,동성화인텍,KOSDAQ,511320872700
448730,삼성FN리츠,KOSPI,509880000000
058650,세아홀딩스,KOSPI,506947202000
052020,에스티큐브,KOSDAQ,505115852130
456160,지투지바이오,KOSDAQ,503871607800
001530,DI동일,KOSPI,503389590300
101160,월덱스,KOSDAQ,501934187200
005810,풍산홀딩스,KOSPI,501000897000
001500,현대차증권,KOSPI,500847656400
126340,비나텍,KOSDAQ,495448566000
033790,피노,KOSDAQ,494098789910
056080,유진로봇,KOSDAQ,493237769400
170920,엘티씨,KOSDAQ,490175446400
003280,흥아해운,KOSPI,489264669465
079900,전진건설로봇,KOSPI,488850257500
358570,지아이이노베이션,KOSDAQ,487095845300
376300,디어유,KOSDAQ,485450402700
211050,인카금융서비스,KOSDAQ,485247021450
003545,대신증권우,KOSPI,483277679880
284740,쿠쿠홈시스,KOSPI,480158862000
475960,토모큐브,KOSDAQ,479790372900
039130,하나투어,KOSPI,478638898800
015750,성우하이텍,KOSDAQ,475200000000
327260,RF머트리얼즈,KOSDAQ,472244587500
005945,NH투자증권우,KOSPI,467056458000
034310,NICE,KOSPI,465713179190
377740,바이오노트,KOSPI,465619239360
035890,서희건설,KOSDAQ,465362125425
214430,아이쓰리시스템,KOSDAQ,464738874000
078130,국일제지,KOSDAQ,464491218440
219130,타이거일렉,KOSDAQ,464100315000
003030,세아제강지주,KOSPI,463865584000
145990,삼양사,KOSPI,462558187650
336570,원텍,KOSDAQ,462473746280
460930,현대힘스,KOSDAQ,462348936420
005389,현대차3우B,KOSPI,462231967200
064290,인텍플러스,KOSDAQ,461661171300
290550,디케이티,KOSDAQ,461028351500
034950,한국기업평가,KOSDAQ,460408119600
002240,고려제강,KOSPI,459000000000
020000,한섬,KOSPI,458533821900
099190,아이센스,KOSDAQ,457528786190
008060,대덕,KOSPI,455853017860
460860,동국제강,KOSPI,454905515890
005250,녹십자홀딩스,KOSPI,453822226500
082270,젬백스,KOSDAQ,452873946690
036810,에프에스티,KOSDAQ,452480590100
340570,티앤엘,KOSDAQ,451916800000
089890,코세스,KOSDAQ,450281718300
425420,티에프이,KOSDAQ,444498516000
000070,삼양홀딩스,KOSPI,444054525200
161000,애경케미칼,KOSPI,441243790630
249420,일동제약,KOSPI,440404467840
144960,뉴파워프라즈마,KOSDAQ,437800092480
348370,엔켐,KOSDAQ,437562530210
033640,네패스,KOSDAQ,435588325780
104830,원익머트리얼즈,KOSDAQ,430563200000
368770,파이버프로,KOSDAQ,430390347500
004700,조광피혁,KOSPI,428869401000
417310,코람코더원리츠,KOSPI,428240000000
090435,아모레퍼시픽우,KOSPI,428120006500
253590,네오셈,KOSDAQ,425969582440
278280,천보,KOSDAQ,423954665000
004690,삼천리,KOSPI,422156842800
027360,아주IB투자,KOSDAQ,421586012880
042000,카페24,KOSDAQ,421183703980
002990,금호건설,KOSPI,421037706200
072710,농심홀딩스,KOSPI,419719995000
014830,유니드,KOSPI,419591200000
001200,유진투자증권,KOSPI,417009929490
477850,마키나락스,KOSDAQ,416348559200
019170,신풍제약,KOSPI,414106323800
174900,앱클론,KOSDAQ,414006676750
077360,덕산하이메탈,KOSDAQ,411659238120
215200,메가스터디교육,KOSDAQ,408389510400
030520,한글과컴퓨터,KOSDAQ,407912281280
365340,성일하이텍,KOSDAQ,407661178250
018290,브이티,KOSDAQ,407421831080
389470,인벤티지랩,KOSDAQ,404554323200
002810,삼영무역,KOSPI,404426161200
029530,신도리코,KOSPI,402716967050
486990,노타,KOSDAQ,401309124000
016590,신대양제지,KOSPI,400560330800
031430,신세계인터내셔날,KOSPI,398140680000
160980,싸이맥스,KOSDAQ,397642445200
357120,코람코라이프인프라리츠,KOSPI,397128244320
003000,부광약품,KOSPI,396631977420
033160,엠케이전자,KOSDAQ,395579519100
015360,INVENI,KOSPI,394307500000
452260,한화갤러리아,KOSPI,390627114150
005950,이수화학,KOSPI,390468409650
095660,네오위즈,KOSDAQ,387941709870
016610,DB증권,KOSPI,387535531570
041190,우리기술투자,KOSDAQ,387240000000
036620,감성코퍼레이션,KOSDAQ,385961344480
271940,일진하이솔루스,KOSPI,383830418300
330860,네패스아크,KOSDAQ,382579013000
105630,한세실업,KOSPI,382400000000
027410,BGF,KOSPI,381431412135
306200,세아제강,KOSPI,380347830000
013030,하이록코리아,KOSDAQ,378345829600
002030,아세아,KOSPI,375328719600
348210,넥스틴,KOSDAQ,374029078500
200710,에이디테크놀로지,KOSDAQ,373570694250
199800,툴젠,KOSDAQ,373401603500
009900,명신산업,KOSPI,371488541640
381970,케이카,KOSPI,369085610880
089010,켐트로닉스,KOSDAQ,368940594000
005420,코스모화학,KOSPI,368334906520
039440,에스티아이,KOSDAQ,367517013900
130660,한전산업,KOSPI,367402000000
403550,쏘카,KOSPI,367258638560
025980,아난티,KOSDAQ,366824732300
007690,국도화학,KOSPI,365339822400
372320,큐로셀,KOSDAQ,364660736100
344820,KCC글라스,KOSPI,364127673600
078020,LS증권,KOSDAQ,363956606400
348340,뉴로메카,KOSDAQ,363588124300
003800,에이스침대,KOSDAQ,362088500000
006220,제주은행,KOSPI,360976219350
001940,KISCO홀딩스,KOSPI,360788871000
004710,한솔테크닉스,KOSPI,354695683410
092230,KPX홀딩스,KOSPI,352335476400
060980,HL홀딩스,KOSPI,352259263600
170900,동아에스티,KOSPI,352147047800
287840,인투셀,KOSDAQ,351513864000
017900,광전자,KOSPI,351139203780
064260,다날,KOSDAQ,350616693195
194370,제이에스코퍼레이션,KOSPI,348781431160
060280,큐렉소,KOSDAQ,347820029700
089590,제주항공,KOSPI,345949825650
002020,코오롱,KOSPI,345925824000
104700,한국철강,KOSPI,342994500000
017810,풀무원,KOSPI,342703672580
006910,보성파워텍,KOSDAQ,342434873280
101930,인화정공,KOSDAQ,341796139080
025320,시노펙스,KOSDAQ,340079451570
236200,슈프리마,KOSDAQ,338602799050
332570,PS일렉트로닉스,KOSDAQ,336323253600
008730,율촌화학,KOSPI,336288000000
078160,메디포스트,KOSDAQ,334807309620
145720,덴티움,KOSPI,334606970800
110990,디아이티,KOSDAQ,333774000000
183190,아세아시멘트,KOSPI,332439233280
114810,한솔아이원스,KOSDAQ,332089453200
011930,신성이엔지,KOSPI,329772395680
419530,SAMG엔터,KOSDAQ,329696985100
126560,현대퓨처넷,KOSPI,328695130400
084110,휴온스글로벌,KOSDAQ,327256140200
356860,티엘비,KOSDAQ,326443316000
005610,삼립,KOSPI,324450738400
241770,메카로,KOSDAQ,324125952000
217590,티엠씨,KOSPI,323344499500
000157,두산2우B,KOSPI,323279756000
097520,엠씨넥스,KOSPI,322797825000
078350,한양디지텍,KOSDAQ,321656460200
168360,펨트론,KOSDAQ,321557118520
204620,글로벌텍스프리,KOSDAQ,321194818100
317400,자이에스앤디,KOSPI,319955790000
448900,한국피아이엠,KOSDAQ,318908992500
101730,위메이드맥스,KOSDAQ,317614453940
005720,넥센,KOSPI,316314741540
029460,케이씨,KOSPI,316289354500
950210,프레스티지바이오파마,KOSPI,316105775300
356680,엑스게이트,KOSDAQ,315405586600
006405,삼성SDI우,KOSPI,314680772000
0120G0,삼양바이오팜,KOSPI,314537301000
004430,송원산업,KOSPI,312000000000
126720,수산인더스트리,KOSPI,310720500000
036890,진성티이씨,KOSDAQ,310659984300
02826K,삼성물산우B,KOSPI,310395285000
012030,DB,KOSPI,309807856820
016800,퍼시스,KOSPI,309350000000
098070,한텍,KOSDAQ,308611662750
049070,인탑스,KOSDAQ,308546735180
011760,현대코퍼레이션,KOSPI,308234907800
092730,네오팜,KOSDAQ,307897668690
091810,트리니티항공,KOSPI,306318275400
092790,넥스틸,KOSPI,306043540000
228760,지노믹트리,KOSDAQ,305519592580
009160,SIMPAC,KOSPI,304955565720
243070,휴온스,KOSDAQ,304882474250
200880,서연이화,KOSPI,302177925660
025900,동화기업,KOSDAQ,301826991450
018250,애경산업,KOSPI,301337358350
024720,콜마홀딩스,KOSPI,299749303660
125490,한라캐스트,KOSDAQ,299684309920
389650,넥스트바이오메디컬,KOSDAQ,299223888900
010820,퍼스텍,KOSPI,298971979940
025860,남해화학,KOSPI,298569846430
042520,한스바이오메드,KOSDAQ,298062570300
026890,스틱인베스트먼트,KOSPI,297760028160
037710,광주신세계,KOSPI,297459708000
105840,우진,KOSPI,297309702400
389260,대명에너지,KOSDAQ,297052668500
002310,아세아제지,KOSPI,295871325000
009290,광동제약,KOSPI,294814863360
025770,한국정보통신,KOSDAQ,294686412770
107640,한중엔시에스,KOSDAQ,294610745000
108670,LX하우시스,KOSPI,294139576000
265520,AP시스템,KOSDAQ,293792025920
015860,일진홀딩스,KOSPI,293124049020
192650,드림텍,KOSPI,292208086615
091700,파트론,KOSDAQ,292000000000
079370,제우스,KOSDAQ,291559706000
010690,화신,KOSPI,291236219400
117730,티로보틱스,KOSDAQ,290773174270
206650,유바이오로직스,KOSDAQ,289975702230
376270,HEM파마,KOSDAQ,289809317400
441270,파인엠텍,KOSDAQ,288422162420
482630,삼양엔씨켐,KOSDAQ,288268647600
215600,신라젠,KOSDAQ,288191413120
064820,케이프,KOSDAQ,286691397350
121440,골프존홀딩스,KOSDAQ,285721576060
035810,이지홀딩스,KOSDAQ,285161537700
034830,한국토지신탁,KOSPI,284807851440
136480,하림,KOSDAQ,284642001360
200670,휴메딕스,KOSDAQ,283555732500
001390,KG케미칼,KOSPI,283387221450
010955,S-Oil우,KOSPI,283143660800
096760,JW홀딩스,KOSPI,282762903150
017890,한국알콜,KOSDAQ,280746211480
069540,빛과전자,KOSDAQ,278348985590
024850,HLB이노베이션,KOSDAQ,277843510000
033270,유나이티드제약,KOSPI,277006592750
017390,서울가스,KOSPI,276210000000
123890,한국자산신탁,KOSPI,275953203130
003960,사조대림,KOSPI,275392233350
003120,일성아이에스,KOSPI,275310000000
058430,포스코스틸리온,KOSPI,275100000000
092460,한라IMS,KOSDAQ,273583783200
244920,에이플러스에셋,KOSPI,273553085300
084690,대상홀딩스,KOSPI,271956160380
394280,오픈엣지테크놀로지,KOSDAQ,271896189600
080580,오킨스전자,KOSDAQ,271440590850
036800,나이스정보통신,KOSDAQ,271180000000
084010,대한제강,KOSPI,270160744560
272450,진에어,KOSPI,269874000000
054950,제이브이엠,KOSDAQ,269604591600
455900,엔젤로보틱스,KOSDAQ,269531097310
393890,더블유씨피,KOSDAQ,269391426240
309710,아이티켐,KOSDAQ,268443021000
439090,마녀공장,KOSDAQ,267865868400
001230,동국홀딩스,KOSPI,267628777515
005680,삼영전자,KOSPI,267600000000
424870,이뮨온시아,KOSDAQ,267427748170
078520,에이블씨엔씨,KOSPI,267425575080
002900,TYM,KOSPI,267030000000
484590,삼양컴텍,KOSDAQ,266219507000
182400,엔케이젠바이오텍코리아,KOSDAQ,265496721770
493280,아이엠바이오로직스,KOSDAQ,265425861610
047920,HLB제약,KOSDAQ,264690802920
051500,CJ프레시웨이,KOSDAQ,264142788500
151860,KG에코솔루션,KOSDAQ,261816511000
035600,KG이니시스,KOSDAQ,261216034320
417840,저스템,KOSDAQ,260024861970
950170,JTC,KOSDAQ,259249203480
005430,한국공항,KOSPI,258691203500
043150,바텍,KOSDAQ,258464054400
092190,서울바이오시스,KOSDAQ,258238996290
023410,유진기업,KOSDAQ,258218282420
286940,롯데이노베이트,KOSPI,257199239000
121800,비덴트,KOSDAQ,256309348520
267980,매일유업,KOSDAQ,255582327300
488900,비츠로넥스텍,KOSDAQ,253833640680
352480,씨앤씨인터내셔널,KOSDAQ,253243560580
377460,큐에이드,KOSDAQ,253187202960
003920,남양유업,KOSPI,252900000000
234340,헥토파이낸셜,KOSDAQ,252729167040
0011T0,채비,KOSDAQ,252588799580
001750,한양증권,KOSPI,251388546500
003650,미창석유,KOSPI,251382604000
065680,우주일렉트로,KOSDAQ,251340811200
314930,바이오다인,KOSDAQ,251209029320
067630,HLB생명과학,KOSDAQ,249320383610
102940,코오롱생명과학,KOSDAQ,247150584640
138080,오이솔루션,KOSDAQ,247060049680
004360,세방,KOSPI,246208966640
468530,프로티나,KOSDAQ,246085138400
061090,세나테크놀로지,KOSDAQ,246039750000
215000,골프존,KOSDAQ,245996268000
334890,이지스밸류플러스리츠,KOSPI,244806607575
122900,아이마켓코리아,KOSPI,244699108800
187660,페니트리움바이오,KOSDAQ,244328844465
002710,TCC스틸,KOSPI,243787382100
064850,에프앤가이드,KOSDAQ,243040071600
298690,에어부산,KOSPI,242743159280
061970,LB세미콘,KOSDAQ,242496550050
481070,에이유브랜즈,KOSDAQ,241464712500
085910,네오티스,KOSDAQ,241409315000
036200,유니셈,KOSDAQ,241327435010
051360,토비스,KOSDAQ,240028093870
060720,KH바텍,KOSDAQ,239615713040
001250,GS글로벌,KOSPI,239347915600
900140,엘브이엠씨홀딩스,KOSPI,238458693088
005500,삼진제약,KOSPI,238161600000
194700,노바렉스,KOSDAQ,238043217920
389500,에스비비테크,KOSDAQ,237219603200
008490,서흥,KOSPI,237166816500
044450,KSS해운,KOSPI,235937693600
052710,아모텍,KOSDAQ,235261990600
002320,한진,KOSPI,234951846240
298000,효성화학,KOSPI,234713100900
206640,바디텍메드,KOSDAQ,234414754700
007160,사조산업,KOSPI,234000000000
404990,신한서부티엔디리츠,KOSPI,233695356825
348950,제이알글로벌리츠,KOSPI,233298432000
136490,선진,KOSPI,232802323160
000050,경방,KOSPI,232755642300
011560,세보엠이씨,KOSDAQ,231952056000
000680,LS네트웍스,KOSPI,231286851960
001340,PKC,KOSPI,230994096570
452280,한선엔지니어링,KOSDAQ,230972040000
003200,일신방직,KOSPI,230518400000
432320,KB스타리츠,KOSPI,229312477485
003070,코오롱글로벌,KOSPI,228815631000
272110,케이엔제이,KOSDAQ,228723757500
230240,에치에프알,KOSDAQ,228648620000
043370,피에이치에이,KOSDAQ,228480000000
378340,필에너지,KOSDAQ,228342955100
093520,매커스,KOSDAQ,228039196920
290690,소룩스,KOSDAQ,227756311300
450950,아스테라시스,KOSDAQ,227646931600
073490,LIG아큐버,KOSDAQ,227354995400
095500,미래나노텍,KOSDAQ,227303292670
099430,바이오플러스,KOSDAQ,226837856960
018000,유니슨,KOSDAQ,226801500216
180400,DXVX,KOSDAQ,226387693600
099440,스맥,KOSDAQ,226226851110
472850,폰드그룹,KOSDAQ,225968734100
0030R0,대신밸류리츠,KOSPI,225968400000
114190,강원에너지,KOSDAQ,225964278700
001790,대한제당,KOSPI,225953817300
452430,사피엔반도체,KOSDAQ,225372993300
023760,한국캐피탈,KOSDAQ,225029627688
089980,상아프론테크,KOSDAQ,224965750590
094360,칩스앤미디어,KOSDAQ,223803271520
254490,미래반도체,KOSDAQ,223789000000
134380,미원화학,KOSPI,222785848400
000430,대원강업,KOSPI,222580000000
000650,천일고속,KOSPI,221957866000
456010,아이씨티케이,KOSDAQ,221885955000
036030,케이티알파,KOSDAQ,221566517320
003520,영진약품,KOSPI,221300204510
065710,서호전기,KOSDAQ,220677500000
445090,에이직랜드,KOSDAQ,219605725800
025000,KPX케미칼,KOSPI,219373320900
461300,아이스크림미디어,KOSDAQ,218512501200
000320,노루홀딩스,KOSPI,217576141870
000480,CR홀딩스,KOSPI,217571873600
042370,비츠로테크,KOSDAQ,217460207500
009680,모토닉,KOSPI,217113609060
005710,대원산업,KOSDAQ,216806832000
005010,휴스틸,KOSPI,216043148375
053030,바이넥스,KOSDAQ,215715640800
0008Z0,에스엔시스,KOSDAQ,215625487400
200470,에이팩트,KOSDAQ,215199432440
462350,이노스페이스,KOSDAQ,215041000080
304360,에스바이오메딕스,KOSDAQ,214881970800
448280,에코아이,KOSDAQ,214825685250
034120,SBS,KOSPI,214452311280
052330,코텍,KOSDAQ,214382379230
017860,DS단석,KOSPI,213820033560
0001A0,덕양에너젠,KOSDAQ,213175211940
018310,삼목에스폼,KOSDAQ,212856000000
003720,삼영,KOSPI,212840000000
025560,미래산업,KOSPI,212542069000
241520,DSC인베스트먼트,KOSDAQ,212268000000
317330,덕산테코피아,KOSDAQ,211932644400
053690,한미글로벌,KOSPI,211371139500
033920,무학,KOSPI,211185000000
144510,지씨셀,KOSDAQ,211092595840
028100,동아지질,KOSPI,211018551520
298830,슈어소프트테크,KOSDAQ,210626486060
030210,다올투자증권,KOSPI,210143315700
019010,베뉴지,KOSDAQ,209670000000
014940,오리엔탈정공,KOSDAQ,209410972295
024840,KBI메탈,KOSDAQ,209325456800
051905,LG생활건강우,KOSPI,209206648200
100120,뷰웍스,KOSDAQ,208136735200
108860,셀바스AI,KOSDAQ,208051326700
024060,흥구석유,KOSDAQ,208050000000
194480,데브시스터즈,KOSDAQ,207893631000
037270,YG PLUS,KOSPI,207223423050
067390,아스트,KOSDAQ,207209528868
217730,강스템바이오텍,KOSDAQ,206919127800
380540,옵티코어,KOSDAQ,206658126350
226320,잇츠한불,KOSPI,206354854150
475560,더본코리아,KOSPI,205960503300
039830,오로라,KOSDAQ,205894085700
425040,티이엠씨,KOSDAQ,205636783240
068930,디지털대성,KOSDAQ,205627791060
001460,BYC,KOSPI,205186027500
475400,씨메스로보틱스,KOSDAQ,205085748780
086390,유니테스트,KOSDAQ,205001022200
03473K,SK우,KOSPI,204940870000
377450,리파인,KOSDAQ,204840600000
353810,이지바이오,KOSDAQ,204777084800
092870,엑시콘,KOSDAQ,204636496960
159010,아스플로,KOSDAQ,204021506700
071200,인피니트헬스케어,KOSDAQ,203710424300
000540,흥국화재,KOSPI,203649184650
484810,티엑스알로보틱스,KOSDAQ,202097968200
094480,갤럭시아머니트리,KOSDAQ,202033665700
091580,상신이디피,KOSDAQ,201655953470
004310,현대약품,KOSPI,201600000000
125020,티씨머티리얼즈,KOSDAQ,200770891500
484870,엠앤씨솔루션,KOSPI,200470410000
318060,그래피,KOSDAQ,199999868300
117580,대성에너지,KOSPI,199925000000
013120,동원개발,KOSDAQ,199777820000
365270,큐라클,KOSDAQ,199412928000
000490,대동,KOSPI,199193637150
446540,메가터치,KOSDAQ,199191910350
004980,성신양회,KOSPI,198580191300
039570,HDC랩스,KOSPI,198575647650
003555,LG우,KOSPI,198438014100
034810,해성산업,KOSDAQ,198323354560
098120,마이크로컨텍솔,KOSDAQ,198259469100
357550,석경에이티,KOSDAQ,197743750000
035150,백산,KOSPI,197710790000
011500,한농화성,KOSPI,197339470040
001630,종근당홀딩스,KOSPI,195885565100
095570,AJ네트웍스,KOSPI,194134336110
053210,스카이라이프,KOSPI,193893656400
900290,GRT,KOSDAQ,193866000000
088260,이리츠코크렙,KOSPI,193825265400
013890,지누스,KOSPI,192947154400
006805,미래에셋증권우,KOSPI,192697017500
203650,드림시큐리티,KOSDAQ,192221474760
046970,우리로,KOSDAQ,191953495620
475040,스트라드비젼,KOSDAQ,191718496800
036190,금화피에스시,KOSDAQ,191700000000
190510,나무가,KOSDAQ,191419458030
128820,대성산업,KOSPI,190893717160
092200,디아이씨,KOSPI,190553988100
138360,앤로보틱스,KOSDAQ,190513521780
241590,화승엔터프라이즈,KOSPI,190250326640
192440,슈피겐코리아,KOSDAQ,190220707800
294570,쿠콘,KOSDAQ,190128230880
001130,대한제분,KOSPI,190125000000
000140,하이트진로홀딩스,KOSPI,189831337700
042420,네오위즈홀딩스,KOSDAQ,189715193900
084850,아이티엠반도체,KOSDAQ,189402498900
123330,제닉,KOSDAQ,189256150000
0015G0,그린광학,KOSDAQ,188293884690
112290,와이씨켐,KOSDAQ,187853926100
016790,현대사료,KOSDAQ,187340898626
100250,진양홀딩스,KOSPI,187227000000
003547,대신증권2우B,KOSPI,186465387060
394800,쓰리빌리언,KOSDAQ,185843709520
068790,DMS,KOSDAQ,185752943520
314130,지놈앤컴퍼니,KOSDAQ,185319851535
058970,엠로,KOSDAQ,184823770300
484120,도우인시스,KOSDAQ,184742134920
044820,코스맥스비티아이,KOSPI,184683400830
237880,클리오,KOSDAQ,184327800600
016580,환인제약,KOSPI,184140693000
036710,심텍홀딩스,KOSDAQ,183840583920
102460,이연제약,KOSPI,183823560790
459510,나우로보틱스,KOSDAQ,183514321480
036560,KZ정밀,KOSDAQ,183487500000
126600,BGF에코머티리얼즈,KOSDAQ,182651676090
102260,동성케미컬,KOSPI,182410527600
214180,헥토이노베이션,KOSDAQ,182167005340
054210,이랜텍,KOSDAQ,180579239400
016450,한세예스24홀딩스,KOSPI,180400000000
002100,경농,KOSPI,180193367250
035510,신세계 I&C,KOSPI,180073992000
339770,교촌에프앤비,KOSPI,179624462600
143240,사람인,KOSDAQ,179451262320
045390,대아티아이,KOSDAQ,179354744465
007860,서연,KOSPI,179151209720
010580,에스엠벡셀,KOSPI,179004081840
041920,메디아나,KOSDAQ,178356958570
377190,디앤디플랫폼리츠,KOSPI,177684000000
234080,JW생명과학,KOSPI,177188659260
220100,퓨쳐켐,KOSDAQ,176952343800
033530,SJG세종,KOSPI,176663102350
003460,유화증권,KOSPI,176628022725
078150,HB테크놀러지,KOSDAQ,176345672232
049430,코메론,KOSDAQ,176345520000
354320,알멕,KOSDAQ,175762977500
053300,한국정보인증,KOSDAQ,175556490200
066620,국보디자인,KOSDAQ,174375000000
013580,계룡건설,KOSPI,174063377430
000300,DH오토넥스,KOSPI,174035631000
012860,모베이스전자,KOSDAQ,173929460375
067080,대화제약,KOSDAQ,173879511000
094820,일진파워,KOSDAQ,173857514770
003350,한국화장품제조,KOSPI,173575600000
004560,현대비앤지스틸,KOSPI,173406326500
003220,대원제약,KOSPI,173140940760
307180,아이엘,KOSDAQ,173134520440
065660,안트로젠,KOSDAQ,173005469000
0082N0,카나프테라퓨틱스,KOSDAQ,172711341600
004380,삼익THK,KOSPI,172638000000
187870,디바이스,KOSDAQ,172401151200
416180,신성에스티,KOSDAQ,171755782000
092130,이크레더블,KOSDAQ,171380428000
036170,에이치엠넥스,KOSDAQ,170903268410
143160,아이디스,KOSDAQ,170497764900
308430,셀비온,KOSDAQ,169962155670
002170,SYTS,KOSPI,169500000000
243840,신흥에스이씨,KOSDAQ,169463442825
119610,인터로조,KOSDAQ,169037593070
002150,도화엔지니어링,KOSPI,168937200000
270660,에브리봇,KOSDAQ,168150224750
000390,SP삼화,KOSPI,168117438420
039840,디오,KOSDAQ,167295375160
245620,EDGC,KOSDAQ,167118555474
256840,한국비엔씨,KOSDAQ,166883521840
138610,나이벡,KOSDAQ,166651845380
001080,만호제강,KOSPI,166622500000
003610,방림,KOSPI,166012722260
950140,잉글우드랩,KOSDAQ,165896681100
108380,대양전기공업,KOSDAQ,165227840910
064550,바이오니아,KOSDAQ,165185862400
400760,NH올원리츠,KOSPI,165062471375
213500,한솔제지,KOSPI,164699985920
487570,HS효성,KOSPI,164127084350
016880,웅진,KOSPI,163850514000
038390,레드캡투어,KOSDAQ,163696847380
216080,제테마,KOSDAQ,163690364610
080160,모두투어,KOSDAQ,163296000000
097955,CJ제일제당 우,KOSPI,163141515700
462520,조선내화,KOSPI,163127111680
122990,와이솔,KOSDAQ,163031175720
199820,제일일렉트릭,KOSDAQ,162650400000
322310,오로스테크놀로지,KOSDAQ,162603169120
024800,유성티엔에스,KOSDAQ,161916418440
204610,티쓰리,KOSDAQ,161844356300
222040,코스맥스엔비티,KOSDAQ,161517240000
046120,오르비텍,KOSDAQ,161321138245
001780,알루코,KOSPI,161222169780
101530,해태제과식품,KOSPI,160433689220
176750,듀켐바이오,KOSDAQ,160391493600
000860,강남제비스코,KOSPI,160160000000
251370,와이엠티,KOSDAQ,160137463570
032580,피델릭스,KOSDAQ,159696548480
066410,버킷스튜디오,KOSDAQ,159637252154
046070,코다코,KOSDAQ,159196994920
079960,동양이엔피,KOSDAQ,159165000000
014710,사조씨푸드,KOSPI,159099337320
084990,헬릭스미스,KOSDAQ,159020149650
051370,인터플렉스,KOSDAQ,157693710720
179290,엠아이텍,KOSDAQ,157620851860
001045,CJ우,KOSPI,157311520800
212560,네오오토,KOSDAQ,156846227240
009470,삼화전기,KOSPI,156747534000
086820,바이오솔루션,KOSDAQ,156062991700
093190,빅솔론,KOSDAQ,156027519550
000700,유수홀딩스,KOSPI,155990453880
015230,대창단조,KOSPI,155532942600
023910,대한약품,KOSDAQ,155400000000
007570,일양약품,KOSPI,155166448320
011785,금호석유화학우,KOSPI,155104831800
072870,메가스터디,KOSDAQ,154495628640
005960,동부건설,KOSPI,154431041990
012210,삼미금속,KOSDAQ,154215063510
115450,HLB테라퓨틱스,KOSDAQ,153775069224
032620,GC메디아이,KOSDAQ,153459588660
041020,폴라리스오피스,KOSDAQ,153274501405
464080,에스오에스랩,KOSDAQ,153088293850
001540,안국약품,KOSDAQ,152987586600
083930,아바코,KOSDAQ,152643389600
011040,경동제약,KOSDAQ,152613079360
004090,한국석유,KOSPI,152329440000
054800,아이디스홀딩스,KOSDAQ,152318968320
048550,SM C&C,KOSDAQ,152228811880
123410,코리아에프티,KOSDAQ,152012209440
039860,나노엔텍,KOSDAQ,151800816205
007330,푸른저축은행,KOSDAQ,151431312000
046440,KG파이낸셜,KOSDAQ,151282991960
293480,하나제약,KOSPI,151247770460
086670,비엠티,KOSDAQ,151171228550
000970,한국주철관,KOSPI,151167315000
123860,아나패스,KOSDAQ,150330346000
264850,이랜시스,KOSDAQ,150261275520
003830,대한화섬,KOSPI,150064000000
090350,노루페인트,KOSPI,150000000000
304100,솔트룩스,KOSDAQ,149992813050
071840,롯데하이마트,KOSPI,148964662720
092070,디엔에프,KOSDAQ,148929812460
040350,크레오에스지,KOSDAQ,148921470000
083310,엘오티베큠,KOSDAQ,148713775550
049630,재영솔루텍,KOSDAQ,147992310960
082800,비보존 제약,KOSDAQ,147852386710
031440,신세계푸드,KOSPI,147735112000
460850,동국씨엠,KOSPI,147699360640
004970,신라교역,KOSPI,147520000000
338840,와이바이오로직스,KOSDAQ,147366470790
403850,더핑크퐁컴퍼니,KOSDAQ,146380302000
078070,유비쿼스홀딩스,KOSDAQ,146023696080
008350,남선알미늄,KOSPI,145343055340
049960,쎌바이오텍,KOSDAQ,145230000000
086890,이수앱지스,KOSDAQ,145158793520
402030,코난테크놀로지,KOSDAQ,145077685920
00279K,아모레퍼시픽홀딩스3우C,KOSPI,145035490000
271980,제일약품,KOSPI,144990037920
260970,에스앤디,KOSDAQ,144926975400
054450,텔레칩스,KOSDAQ,144627425150
234690,녹십자웰빙,KOSDAQ,144604484500
462860,더즌,KOSDAQ,144589393845
126640,화신정공,KOSDAQ,143729231000
005990,매일홀딩스,KOSDAQ,143621683200
457550,우진엔텍,KOSDAQ,143418763620
000520,삼일제약,KOSPI,143165952600
310200,애니플러스,KOSDAQ,142665356460
355150,코스텍시스,KOSDAQ,142535558000
060150,인선이엔티,KOSDAQ,142386287500
389020,자람테크놀로지,KOSDAQ,142244689200
264450,유비쿼스,KOSDAQ,142108627170
104480,티케이케미칼,KOSDAQ,141433295304
101970,우양에이치씨,KOSDAQ,141244585950
382900,범한퓨얼셀,KOSDAQ,141139710000
114840,아이패밀리에스씨,KOSDAQ,141124517100
000020,동화약품,KOSPI,140215979400
003480,한진중공업홀딩스,KOSPI,139676010760
095190,신화프리텍,KOSDAQ,139657388680
126700,하이비젼시스템,KOSDAQ,139559326080
322510,제이엘케이,KOSDAQ,139434334640
067280,멀티캠퍼스,KOSDAQ,138982967550
090850,현대이지웰,KOSDAQ,138913440540
242040,나무기술,KOSDAQ,138771118640
094280,효성ITX,KOSPI,138351654000
049720,고려신용정보,KOSDAQ,138281000000
334970,프레스티지바이오로직스,KOSDAQ,138244188586
293780,압타바이오,KOSDAQ,138079085575
013990,아가방컴퍼니,KOSDAQ,137798775840
003100,선광,KOSDAQ,137610000000
382800,지앤비에스 에코,KOSDAQ,136714321095
119830,아이텍,KOSDAQ,136142689680
006060,화승인더,KOSPI,136087200000
023600,삼보판지,KOSDAQ,135910467000
048870,시너지이노베이션,KOSDAQ,135860936946
418550,제이오,KOSDAQ,135434756790
069510,에스텍,KOSDAQ,135174900000
300080,플리토,KOSDAQ,135014589180
388050,지투파워,KOSDAQ,134895040770
015890,태경산업,KOSPI,134598393750
255220,SG,KOSDAQ,134434171554
025820,이구산업,KOSPI,134102420000
357880,SKAI,KOSDAQ,133408920960
274090,켄코아에어로스페이스,KOSDAQ,133334323760
199430,케이엔알시스템,KOSDAQ,133244811700
020120,키다리스튜디오,KOSPI,133058919940
272550,삼양패키징,KOSPI,132903340920
205500,넥써쓰,KOSDAQ,132820393440
405100,큐알티,KOSDAQ,132355771770
269620,시스웍,KOSDAQ,132090012299
005160,동국산업,KOSDAQ,131814091260
147830,제룡산업,KOSDAQ,131800000000
088800,에이스테크,KOSDAQ,131758727330
0088M0,메쥬,KOSDAQ,131723727500
445180,퓨릿,KOSDAQ,131497288200
035610,솔본,KOSDAQ,131260785600
394420,리센스메디컬,KOSDAQ,131219256000
149950,아바텍,KOSDAQ,130799917710
004080,신흥,KOSPI,130479000000
489460,바이오비쥬,KOSDAQ,130435208100
474650,링크솔루션,KOSDAQ,130283524800
118990,모트렉스,KOSDAQ,130048066300
339950,아이비김영,KOSDAQ,129895832950
146320,비씨엔씨,KOSDAQ,129770939220
489500,엘케이켐,KOSDAQ,129422569500
950190,고스트스튜디오,KOSDAQ,129129225280
102120,어보브반도체,KOSDAQ,128910459250
013520,화승코퍼레이션,KOSPI,128881973900
361390,제노코,KOSDAQ,128130773960
226590,엠디바이스,KOSDAQ,128065568800
293580,나우IB,KOSDAQ,127965572600
037350,성도이엔지,KOSDAQ,127764000000
136540,윈스테크넷,KOSDAQ,127709358400
107590,미원홀딩스,KOSPI,127600000000
094840,슈프리마에이치큐,KOSDAQ,127479417000
004150,한솔홀딩스,KOSPI,127182522000
478340,나라스페이스테크놀로지,KOSDAQ,126692956350
451760,컨텍,KOSDAQ,126449548840
458650,성우,KOSDAQ,125932257900
388790,라이콤,KOSDAQ,125824197600
408920,메쎄이상,KOSDAQ,125806444050
371950,풍원정밀,KOSDAQ,125777141400
372170,윤성에프앤씨,KOSDAQ,125749796480
036690,코맥스,KOSDAQ,125692107675
081000,일진다이아,KOSPI,125554299000
453450,그리드위즈,KOSDAQ,125495450000
086980,쇼박스,KOSDAQ,125188190000
0007C0,아크릴,KOSDAQ,125032144680
024090,디씨엠,KOSPI,124830000000
004960,한신공영,KOSPI,124732167560
297890,HB솔루션,KOSDAQ,124339553800
037560,LG헬로비전,KOSPI,124302218325
473980,노머스,KOSDAQ,123974999620
101360,에코앤드림,KOSDAQ,123969214580
001360,삼성제약,KOSPI,123728971806
007540,샘표,KOSPI,123659400000
012610,경인양행,KOSPI,123600604050
038290,마크로젠,KOSDAQ,123591960000
340450,지씨지놈,KOSDAQ,123457139460
264660,씨앤지하이테크,KOSDAQ,123361672680
027710,팜스토리,KOSDAQ,123338176200
011690,와이투솔루션,KOSPI,122959719900
077500,유니퀘스트,KOSPI,122904580380
350520,이지스레지던스리츠,KOSPI,122764452660
402490,그린리소스,KOSDAQ,122441618910
210540,디와이파워,KOSPI,122231707560
214420,토니모리,KOSPI,122198378920
140670,알에스오토메이션,KOSDAQ,121721683200
214390,경보제약,KOSPI,121685917400
001520,동양,KOSPI,121476384288
321550,티움바이오,KOSDAQ,120754669500
089470,HDC현대EP,KOSPI,120741500000
009270,신원,KOSPI,120394142257
109740,디에스케이,KOSDAQ,120324625200
126730,코칩,KOSDAQ,120150726200
256940,킵스파마,KOSDAQ,119866537590
008970,KBI동양철관,KOSPI,119850777585
009070,KCTC,KOSPI,119700000000
018470,조일알미늄,KOSPI,119413712903
012200,계양전기,KOSPI,118963762730
014280,금강공업,KOSPI,118783895850
005800,신영와코루,KOSPI,118620000000
002780,진흥기업,KOSPI,118268528685
037070,파세코,KOSDAQ,118200000000
002390,한독,KOSPI,118091113140
089600,KT나스미디어,KOSDAQ,117995262600
285490,노바텍,KOSDAQ,117920515650
067990,도이치모터스,KOSDAQ,117893462000
058820,CMG제약,KOSDAQ,117758227020
432720,퀄리타스반도체,KOSDAQ,117756847600
211270,AP위성,KOSDAQ,117340325120
142210,유니트론텍,KOSDAQ,117245426950
259630,엠플러스,KOSDAQ,117212777640
232680,라온로보틱스,KOSDAQ,117063725000
469610,이노테크,KOSDAQ,116973132000
011280,태림포장,KOSPI,116758995060
267290,경동도시가스,KOSPI,116139498200
041590,플래스크,KOSDAQ,116064014460
078000,텔코웨어,KOSPI,115870565580
021320,KCC건설,KOSDAQ,115774000000
034590,인천도시가스,KOSPI,115712243300
122450,KX,KOSDAQ,115635171720
413630,씨피시스템,KOSDAQ,115321854825
002460,HS화성,KOSPI,115304000000
051160,지어소프트,KOSDAQ,115284503500
267320,나인테크,KOSDAQ,114543513525
079430,현대리바트,KOSPI,114449809380
106190,하이텍팜,KOSDAQ,114412941480
042600,새로닉스,KOSDAQ,114296880800
041440,현대에버다임,KOSDAQ,113651705440
307750,국전,KOSDAQ,113641136240
008040,사조동아원,KOSPI,113197969200
049520,유아이엘,KOSDAQ,113192433750
014530,극동유화,KOSPI,113151267900
282880,코윈테크,KOSDAQ,112964832120
014580,태경비케이,KOSPI,112676963500
290720,푸드나무,KOSDAQ,112584709425
452450,피아이이,KOSDAQ,112228777500
041520,이엘씨,KOSDAQ,112136316000
083500,에프엔에스테크,KOSDAQ,111969961960
006620,동구바이오제약,KOSDAQ,111867418560
289080,SV인베스트먼트,KOSDAQ,111857113380
073010,케이에스피,KOSDAQ,111731675000
054050,NH농우바이오,KOSDAQ,111412398950
240550,동방메디컬,KOSDAQ,111368560800
067290,JW신약,KOSDAQ,111065538146
246710,티앤알바이오팹,KOSDAQ,111058294320
053080,케이엔솔,KOSDAQ,111018351780
010100,한국무브넥스,KOSPI,110991780900
331920,셀레믹스,KOSDAQ,110921025600
051980,중앙첨단소재,KOSDAQ,110869525582
263860,지니언스,KOSDAQ,110861916000
308080,바이젠셀,KOSDAQ,110696004000
095700,제넥신,KOSDAQ,110663400420
474170,루미르,KOSDAQ,110469715200
080420,모다이노칩,KOSDAQ,110095559982
016710,대성홀딩스,KOSPI,109891004970
047310,파워로직스,KOSDAQ,109832265000
067900,와이엔텍,KOSDAQ,109743943770
083420,그린케미칼,KOSPI,109680000000
011810,STX,KOSPI,109493282310
297090,씨에스베어링,KOSDAQ,109489050000
002620,제일파마홀딩스,KOSPI,109417481750
012320,경동인베스트,KOSPI,109382313750
108230,톱텍,KOSDAQ,109316829375
018120,진로발효,KOSDAQ,109116057600
227840,현대코퍼레이션홀딩스,KOSPI,108845998560
004250,NPC,KOSPI,108324000000
091440,한울소재과학,KOSDAQ,108299916000
148150,세경하이테크,KOSDAQ,108227880810
059120,아진엑스텍,KOSDAQ,108212490060
038540,상상인,KOSDAQ,108000866976
019180,티에이치엔,KOSPI,108000000000
338220,뷰노,KOSDAQ,107814037100
217270,넵튠,KOSDAQ,107725657115
210980,SK디앤디,KOSPI,107608467960
488280,에스투더블유,KOSDAQ,107602720560
418420,라온텍,KOSDAQ,107557080210
120030,조선선재,KOSPI,107151865200
205100,엑셈,KOSDAQ,107019244422
220260,켐트로스,KOSDAQ,106960303425
059210,메타바이오메드,KOSDAQ,106919636075
053700,삼보모터스,KOSDAQ,106863028000
066590,스모트로닉,KOSDAQ,106751106120
063570,NICE인프라,KOSDAQ,106711650000
120240,대정화금,KOSDAQ,106705402440
009780,엠에스씨,KOSDAQ,106480000000
092220,KEC,KOSPI,106203701060
035080,그래디언트,KOSDAQ,105968002680
417500,제이아이테크,KOSDAQ,105894723120
101170,우림피티에스,KOSDAQ,105840000000
093640,케이알엠,KOSDAQ,105756765520
071280,로체시스템즈,KOSDAQ,105393594670
017510,세명전기,KOSDAQ,105197400000
362320,청담글로벌,KOSDAQ,105121911300
073560,우리손에프앤지,KOSDAQ,104964266788
017550,수산세보틱스,KOSPI,104830538400
0039P0,매드업,KOSDAQ,104757218000
039340,한국경제TV,KOSDAQ,104720000000
070960,모나용평,KOSPI,104689999275
192410,오늘이엔엠,KOSDAQ,104647451895
021080,에이티넘인베스트,KOSDAQ,104640000000
115310,인포바인,KOSDAQ,104562420450
056090,시지메드텍,KOSDAQ,104498144432
032940,원익,KOSDAQ,104247207900
005860,한일사료,KOSDAQ,104222746825
078935,GS우,KOSPI,104111046000
009580,무림P&P,KOSPI,104092732756
248170,샘표식품,KOSPI,103700092200
267850,아시아나IDT,KOSPI,103674000000
039560,다산네트웍스,KOSDAQ,103361207880
012800,대창,KOSPI,103262185367
187790,나노,KOSDAQ,102545759750
006660,삼성공조,KOSPI,102391556400
013570,디와이,KOSPI,101462185215
002450,삼익악기,KOSPI,101394624800
158430,아톤,KOSDAQ,101355860880
311320,지오엘리먼트,KOSDAQ,101294916800
336680,탑런토탈솔루션,KOSDAQ,100995539640
016740,두올,KOSPI,100789194360
119650,KC코트렐,KOSPI,100782913662
100700,세운메디칼,KOSDAQ,100740000000
299030,하나기술,KOSDAQ,100735866000
052260,현대바이오랜드,KOSDAQ,100650000000
380550,뉴로핏,KOSDAQ,100640644500
228850,레이언스,KOSDAQ,100541544840
163730,핑거,KOSDAQ,100451394120
141000,비아트론,KOSDAQ,100430945900
264900,크라운제과,KOSPI,100316038500
013310,아진산업,KOSDAQ,100315014470
047770,코데즈컴바인,KOSDAQ,100093682290
123040,엠에스오토텍,KOSDAQ,100017393503
007210,벽산,KOSPI,100000800000
023450,동남합성,KOSPI,99750000000
015590,DKME,KOSPI,99530718112
037030,파워넷,KOSDAQ,99500668800
246720,아스타,KOSDAQ,99434491000
014790,HL D&I,KOSPI,99378827625
366030,나인앤컴퍼니,KOSDAQ,99223863000
021820,세원정공,KOSPI,99100000000
027970,한국제지,KOSPI,98878374400
123690,한국화장품,KOSPI,98657520000
040300,YTN,KOSDAQ,98452963700
036580,팜스코,KOSPI,98247247525
115500,케이씨에스,KOSDAQ,97800000000
263800,데이타솔루션,KOSDAQ,97676787600
166480,코아스템켐온,KOSDAQ,97598714096
189330,씨이랩,KOSDAQ,97481930760
125210,아모그린텍,KOSDAQ,97331061000
348350,위드텍,KOSDAQ,97291350000
066790,씨씨에스,KOSDAQ,97271994227
333430,일승,KOSDAQ,97250154255
131030,옵투스제약,KOSDAQ,97232710900
320000,한울반도체,KOSDAQ,97117834800
105330,케이엔더블유,KOSDAQ,97078291200
475580,에이럭스,KOSDAQ,96873039000
309960,LB인베스트먼트,KOSDAQ,96583714240
068240,다원시스,KOSDAQ,96553495610
396300,세아메카닉스,KOSDAQ,96156885000
0017J0,세미티에스,KOSDAQ,95985144255
255440,야스,KOSDAQ,95976300000
047560,이스트소프트,KOSDAQ,95787618300
035000,HS애드,KOSPI,95787176040
153890,져스텍,KOSDAQ,95317912550
352090,스톰테크,KOSDAQ,95264777910
323990,박셀바이오,KOSDAQ,95238827775
226400,오스테오닉,KOSDAQ,95043364600
289930,웨이비스,KOSDAQ,94672872000
109610,에스와이,KOSDAQ,94635819000
067830,세이브존I&C,KOSPI,94188854025
002210,동성제약,KOSPI,94010780311
307930,컴퍼니케이,KOSDAQ,93816100000
058850,KTcs,KOSPI,93781079250
265740,엔에프씨,KOSDAQ,93605264000
487580,폴레드,KOSDAQ,93428414310
235980,메드팩토,KOSDAQ,93228329120
104460,디와이피엔에프,KOSDAQ,92874831830
042500,링네트,KOSDAQ,92842614760
025950,동신건설,KOSDAQ,92568000000
074430,아미노로직스,KOSDAQ,92393839888
023900,풍국주정,KOSDAQ,92232000000
37550L,DL이앤씨2우(전환),KOSPI,92081063600
282720,금양그린파워,KOSDAQ,91865810000
065450,빅텍,KOSDAQ,91731947330
002220,한일철강,KOSPI,91572287800
019540,일지테크,KOSDAQ,91486395000
156100,엘앤케이바이오,KOSDAQ,91192704240
474610,RF시스템즈,KOSDAQ,91104190400
001275,부국증권우,KOSPI,91050000000
002230,피에스텍,KOSDAQ,91000085800
417010,나노팀,KOSDAQ,90979003280
040420,정상제이엘에스,KOSDAQ,90929801600
0011A0,액스비스,KOSDAQ,90910627600
014440,영보화학,KOSPI,90700000000
032560,황금에스티,KOSPI,90440000000
088130,동아엘텍,KOSDAQ,90399073380
054920,한컴위드,KOSDAQ,90294659200
000440,중앙에너비스,KOSDAQ,90293385000
093920,서원인텍,KOSDAQ,90210000000
099750,이지케어텍,KOSDAQ,90150541800
298540,더네이쳐홀딩스,KOSDAQ,90105320920
004140,동방,KOSPI,90090976548
209640,와이제이링크,KOSDAQ,90022557090
100130,동국S&C,KOSDAQ,89943082000
337930,젝시믹스,KOSDAQ,89622954500
033290,로젠,KOSDAQ,89569300095
058860,KTis,KOSPI,89093120000
396470,워트,KOSDAQ,88982400000
086710,선진뷰티사이언스,KOSDAQ,88961911200
217820,원익피앤이,KOSDAQ,88929843566
052420,오성첨단소재,KOSDAQ,88652281900
049950,미래컴퍼니,KOSDAQ,88619734200
084680,이월드,KOSPI,88487064432
004100,태양금속,KOSPI,88263500000
008260,NI스틸,KOSPI,88231360945
053260,금강철강,KOSDAQ,87796800000
096240,크레버스,KOSDAQ,87741202600
418470,KT밀리의서재,KOSDAQ,87713679360
052900,KX하이텍,KOSDAQ,87554958780
023000,삼원강재,KOSPI,87427903200
475230,엔알비,KOSDAQ,87298450830
092040,아미코젠,KOSDAQ,87118092171
322180,LS티라유텍,KOSDAQ,87059229300
212710,아이에스티이,KOSDAQ,86949053100
387690,레메디,KOSDAQ,86934017400
357230,에이치피오,KOSDAQ,86716299600
036220,오상헬스케어,KOSDAQ,86571966800
494120,큐리오시스,KOSDAQ,86522861880
023800,인지컨트롤스,KOSPI,86476307590
042510,라온시큐어,KOSDAQ,86403341840
063170,서울옥션,KOSDAQ,86205194950
950250,테라뷰,KOSDAQ,86130497675
066430,아이로보틱스,KOSDAQ,85941879820
004650,창해에탄올,KOSDAQ,85934774750
053580,웹케시,KOSDAQ,85887910680
072020,중앙백신,KOSDAQ,85625224250
078140,대봉엘에스,KOSDAQ,85588389880
053350,이니텍,KOSDAQ,85551837525
250060,모비스,KOSDAQ,85253982100
452190,한빛레이저,KOSDAQ,85157182920
007610,선도전기,KOSPI,85050000000
054540,삼영엠텍,KOSDAQ,85020000000
330730,스톤브릿지벤처스,KOSDAQ,84895087800
306620,지아이에스,KOSDAQ,84809723496
006840,AK홀딩스,KOSPI,84784390400
079650,서산,KOSDAQ,84700000000
317770,엑스페릭스,KOSDAQ,84647972640
302550,리메드,KOSDAQ,84531055250
004890,동일산업,KOSPI,84518742750
096775,SK이노베이션우,KOSPI,84518440200
004840,DRB동일,KOSPI,84509316140
005740,크라운해태홀딩스,KOSPI,84481404430
058730,다스코,KOSPI,84447716670
182360,큐브엔터,KOSDAQ,84435680070
013700,까뮤이앤씨,KOSPI,84248670300
263720,디앤씨미디어,KOSDAQ,84157366980
044990,에이치엔에스하이텍,KOSDAQ,84155403750
130580,나이스디앤비,KOSDAQ,84084000000
049180,셀루메드,KOSDAQ,83975227728
019550,SBI인베스트먼트,KOSDAQ,83950485332
183490,엔지켐생명과학,KOSDAQ,83793832650
008830,대동기어,KOSDAQ,83583936000
389030,지니너스,KOSDAQ,83511614520
066980,한성크린텍,KOSDAQ,83366842545
029480,광무,KOSDAQ,83248470008
069730,DSR제강,KOSPI,83232000000
038110,에코플라스틱,KOSDAQ,83162127400
002600,조흥,KOSPI,83100000000
008700,아남전자,KOSPI,82832056680
036010,아비코전자,KOSDAQ,82682049480
363280,티와이홀딩스,KOSPI,82577659395
330350,위더스제약,KOSDAQ,82498000000
215100,로보로보,KOSDAQ,82106011890
032300,한국파마,KOSDAQ,81909324510
037760,쎄니트,KOSDAQ,81875668820
381620,제닉스로보틱스,KOSDAQ,81855820800
139990,아주스틸,KOSPI,81773923540
175250,아이큐어,KOSDAQ,81501658560
053280,예스24,KOSDAQ,81500000000
054040,한국컴퓨터,KOSDAQ,81320727400
096250,와이즈넛,KOSDAQ,81260975800
043610,KT지니뮤직,KOSDAQ,81245382324
058630,엠게임,KOSDAQ,81130875150
950130,엑세스바이오,KOSDAQ,81075687370
412540,제일엠앤에스,KOSDAQ,81063616775
025620,차AI헬스케어,KOSPI,80916659985
163560,동일고무벨트,KOSPI,80898000000
086960,MDS테크,KOSDAQ,80761944330
173130,오파스넷,KOSDAQ,80757667870
214260,라파스,KOSDAQ,80659065520
017650,대림제지,KOSDAQ,80646300000
001290,상상인증권,KOSPI,80277805920
067000,조이시티,KOSDAQ,80249156008
007980,TP,KOSPI,80241365850
047820,초록뱀미디어,KOSDAQ,80208890400
33626K,두산퓨얼셀1우,KOSPI,80051558000
475430,키스트론,KOSDAQ,80048773350
011370,서한,KOSDAQ,80009627945
214680,디알텍,KOSDAQ,79804065536
001470,삼부토건,KOSPI,79699592928
009190,대양금속,KOSPI,79571171475
000590,CS홀딩스,KOSPI,79543809800
234300,에스트래픽,KOSDAQ,79446717600
065170,비엘팜텍,KOSDAQ,79414741085
290740,액트로,KOSDAQ,79312286680
009300,삼아제약,KOSDAQ,79306500000
221800,지구홀딩스,KOSDAQ,79228021605
0117P0,피스피스스튜디오,KOSDAQ,79204212490
054620,APS,KOSDAQ,78911208090
004720,팜젠사이언스,KOSPI,78723918375
054670,대한뉴팜,KOSDAQ,78664961600
101330,모베이스,KOSDAQ,78584163455
011700,한신기계,KOSPI,78357454665
036640,HRS,KOSDAQ,78339492000
172670,에이엘티,KOSDAQ,77954253300
024880,케이피에프,KOSDAQ,77828230440
111380,동인기연,KOSPI,77825600000
419050,삼기에너지솔루션즈,KOSDAQ,77615297680
019680,대교,KOSPI,77587810600
004590,한국가구,KOSDAQ,77550000000
048530,인트론바이오,KOSDAQ,77538312580
012700,리드코프,KOSDAQ,77405787660
365660,레몬헬스케어,KOSDAQ,77305526610
131370,알서포트,KOSDAQ,77237270350
063080,컴투스홀딩스,KOSDAQ,77163746400
009180,한솔로지스틱스,KOSPI,77146960500
010960,삼호개발,KOSPI,77063400000
007590,동방아그로,KOSPI,76939310050
013360,일성건설,KOSPI,76931429120
234030,싸이닉솔루션,KOSDAQ,76716250000
303810,동국생명과학,KOSDAQ,76602015300
085670,뉴프렉스,KOSDAQ,76564878125
002200,한국수출포장,KOSPI,76547365185
006090,사조오양,KOSPI,76418413290
014160,대영포장,KOSPI,76309762496
115440,우리넷,KOSDAQ,76207701520
073640,테라사이언스,KOSDAQ,76111715580
030960,양지사,KOSDAQ,76064800000
265560,영화테크,KOSDAQ,76007179800
076610,해성옵틱스,KOSDAQ,75763074220
080010,이상네트웍스,KOSDAQ,75631695990
065510,휴비츠,KOSDAQ,75492591300
061250,화일약품,KOSDAQ,75337376800
052860,아이앤씨,KOSDAQ,75308789610
017370,우신시스템,KOSPI,75270761940
102370,케이옥션,KOSDAQ,74946599550
082210,옵트론텍,KOSDAQ,74821526200
365330,에스와이스틸텍,KOSDAQ,74654448000
041910,폴라리스AI파마,KOSDAQ,74519593500
039980,폴라리스AI,KOSDAQ,74494688520
149980,하이로닉,KOSDAQ,74385873950
451250,삐아,KOSDAQ,74342125790
001260,남광토건,KOSPI,74334244320
228670,레이,KOSDAQ,74290099750
170030,현대공업,KOSDAQ,74245600000
033130,디지틀조선,KOSDAQ,74230534000
000180,성창기업지주,KOSPI,74215702400
223250,드림씨아이에스,KOSDAQ,74170338660
493330,지에프아이,KOSDAQ,74083397850
413390,엠오티,KOSDAQ,73997350200
040910,아이씨디,KOSDAQ,73969299250
067570,엔브이에이치코리아,KOSDAQ,73881840000
066700,테라젠이텍스,KOSDAQ,73821771112
107600,새빗켐,KOSDAQ,73789705240
017480,삼현철강,KOSDAQ,73739799750
147760,피엠티,KOSDAQ,73700000000
900260,로스웰,KOSDAQ,73693559306
347890,엠엑스온,KOSDAQ,73667173320
198440,강동씨앤엘,KOSDAQ,73605730368
104040,디에스엠,KOSDAQ,73603235925
094860,네오리진,KOSDAQ,73451149362
217330,싸이토젠,KOSDAQ,73436311725
049080,기가레인,KOSDAQ,73424089100
067370,선바이오,KOSDAQ,73405184410
024740,한일단조,KOSDAQ,73360419270
443670,에스피소프트,KOSDAQ,73232220200
109070,주성코퍼레이션,KOSPI,73194978780
000850,화천기공,KOSPI,73150000000
063160,종근당바이오,KOSPI,73073013840
451220,아이엠티,KOSDAQ,72840151750
033560,블루콤,KOSDAQ,72760500000
208140,정다운,KOSDAQ,72722447350
432470,케이엔에스,KOSDAQ,72716199240
084670,동양고속,KOSPI,72678781900
032540,TJ미디어,KOSDAQ,72618510175
013870,지엠비코리아,KOSPI,72570025400
171120,라이온켐텍,KOSDAQ,72521555200
078890,가온그룹,KOSDAQ,72502150705
024830,세원물산,KOSDAQ,72394500000
396270,넥스트칩,KOSDAQ,72352348200
417970,모델솔루션,KOSDAQ,72090809000
011320,유니크,KOSDAQ,72066192350
058400,KNN,KOSDAQ,72041767680
137950,제이씨케미칼,KOSDAQ,72036378290
294630,서남,KOSDAQ,71945270985
155660,DSR,KOSPI,71920000000
331380,포커스에이아이,KOSDAQ,71878662556
234920,자이글,KOSDAQ,71849132100
122350,삼기,KOSDAQ,71848088072
038460,바이오스마트,KOSDAQ,71779699280
020710,시공테크,KOSDAQ,71771732600
124560,태웅로직스,KOSDAQ,71710941972
084730,팅크웨어,KOSDAQ,71544690560
011150,CJ씨푸드,KOSPI,71538169043
201490,미투온,KOSDAQ,71337722680
002720,국제약품,KOSPI,71308633840
000230,일동홀딩스,KOSPI,71204268000
338100,NH프라임리츠,KOSPI,71187900000
382840,원준,KOSDAQ,71165567460
001020,페이퍼코리아,KOSPI,71122130676
456070,이엔셀,KOSDAQ,71030089480
090470,제이스로보틱스,KOSDAQ,70780205700
006140,피제이전자,KOSDAQ,70608750000
000105,유한양행우,KOSPI,70502118000
060590,씨티씨바이오,KOSDAQ,70366768200
041930,SY동아,KOSDAQ,70300000000
382480,지아이텍,KOSDAQ,70252494900
217190,제너셈,KOSDAQ,70241083740
0015S0,페스카로,KOSDAQ,70152450300
005750,대림바스,KOSPI,70019252800
045970,코아시아,KOSDAQ,69997570160
038680,에스넷,KOSDAQ,69893373420
290660,다이나믹솔루션,KOSDAQ,69782919552
002700,신일전자,KOSPI,69644281336
129920,대성하이텍,KOSDAQ,69544418880
389140,포바이포,KOSDAQ,69493609450
225530,HC보광산업,KOSDAQ,69479646024
357580,아모센스,KOSDAQ,69441698180
004440,삼일씨엔에스,KOSPI,69134472210
196490,디에이테크놀로지,KOSDAQ,69131518050
110790,크리스에프앤씨,KOSDAQ,69121332000
079980,휴비스,KOSPI,69000000000
031820,아이티센씨티에스,KOSPI,68999332200
360070,탑머티리얼,KOSDAQ,68895081630
332370,아이디피,KOSDAQ,68625163420
091120,이엠텍,KOSDAQ,68531744000
088390,이녹스,KOSDAQ,68516661200
253840,수젠텍,KOSDAQ,68479688000
238090,앤디포스,KOSDAQ,68451037800
251120,바이오에프디엔씨,KOSDAQ,68261245000
002795,아모레퍼시픽홀딩스우,KOSPI,68214728680
153710,옵티팜,KOSDAQ,68068605120
036000,예림당,KOSDAQ,68066288535
323350,다원넥스뷰,KOSDAQ,68011454280
105740,디케이락,KOSDAQ,67722296580
208370,셀바스헬스케어,KOSDAQ,67697683320
044340,위닉스,KOSDAQ,67472179375
464490,쿼드메디슨,KOSDAQ,67400003310
120115,코오롱인더우,KOSPI,67397391000
109860,동일금속,KOSDAQ,67340000000
128660,피제이메탈,KOSDAQ,67093113145
081150,티플랙스,KOSDAQ,66980789520
396690,미래에셋글로벌리츠,KOSPI,66934038600
321370,센서뷰,KOSDAQ,66906053270
377480,마음AI,KOSDAQ,66765482250
045660,에이텍,KOSDAQ,66740800000
009770,삼정펄프,KOSPI,66499228600
014970,삼륭물산,KOSDAQ,66490125000
062970,한국첨단소재,KOSDAQ,66336969468
261780,아리바이오랩,KOSDAQ,66252904245
002800,신신제약,KOSDAQ,66143380000
066310,큐에스아이,KOSDAQ,66106657730
095720,웅진씽크빅,KOSPI,66033072770
0015N0,아로마티카,KOSDAQ,66028840500
388870,파로스아이바이오,KOSDAQ,66024253200
048430,유라테크,KOSDAQ,65894400000
026150,특수건설,KOSDAQ,65711009595
041460,한국전자인증,KOSDAQ,65645000000
443250,레뷰코퍼레이션,KOSDAQ,65615589190
005870,휴니드,KOSPI,65357149450
016090,대현,KOSPI,65316407250
096350,대창솔루션,KOSDAQ,65269783502
032850,비트컴퓨터,KOSDAQ,65163308560
185490,아이진,KOSDAQ,65147284488
006890,태경케미컬,KOSPI,65076000000
347000,센코,KOSDAQ,65034655120
0004V0,엔비알모션,KOSDAQ,64961265600
142280,녹십자엠에스,KOSDAQ,64939814010
111710,남화산업,KOSDAQ,64852200000
036630,세종텔레콤,KOSDAQ,64800000000
010240,흥국,KOSDAQ,64734180000
203400,에이비온,KOSDAQ,64692736272
001560,제일연마,KOSPI,64600000000
100220,비상교육,KOSPI,64593802770
136150,원일티엔아이,KOSDAQ,64282500100
018500,동원모빌리티,KOSPI,64194523009
478560,블랙야크아이앤씨,KOSDAQ,64188290530
007110,일신석재,KOSPI,64056616470
126880,제이엔케이글로벌,KOSDAQ,64045532280
043650,국순당,KOSDAQ,64022019840
091590,남화토건,KOSDAQ,63865600000
222110,팬젠,KOSDAQ,63856055025
070300,엑스큐어,KOSDAQ,63766888555
060570,드림어스컴퍼니,KOSDAQ,63653251207
089850,유비벨록스,KOSDAQ,63634459680
241690,유니테크노,KOSDAQ,63501482070
068290,삼성출판사,KOSPI,63500000000
016250,SGC E&C,KOSDAQ,63466023600
123420,위메이드플레이,KOSDAQ,63446350100
460940,피앤에스로보틱스,KOSDAQ,63374368800
040160,누리플렉스,KOSDAQ,63291558750
055490,테이팩스,KOSPI,63279513000
204840,지엘팜텍,KOSDAQ,63124890884
012790,신일제약,KOSDAQ,63048542900
162300,신스틸,KOSDAQ,62995029258
059270,해성에어로보틱스,KOSDAQ,62972286360
010280,아이티센엔텍,KOSDAQ,62909576310
004780,대륙제관,KOSDAQ,62897152045
005670,푸드웰,KOSDAQ,62800000000
079810,APS이노베이션,KOSDAQ,62754394010
303360,프로티아,KOSDAQ,62724212050
348150,고바이오랩,KOSDAQ,62625917025
001840,이화공영,KOSDAQ,62588831935
214270,FSN,KOSDAQ,62315563545
277880,티에스아이,KOSDAQ,62307685680
294090,이오플로우,KOSDAQ,62295566450
003925,남양유업우,KOSPI,61900000000
003310,대주산업,KOSDAQ,61830435450
347860,알체라,KOSDAQ,61797246502
179900,유티아이,KOSDAQ,61746085440
453860,에이에스텍,KOSDAQ,61544239650
039420,케이엘넷,KOSDAQ,61497943920
003580,HLB글로벌,KOSPI,61353504555
111110,호전실업,KOSPI,61286160000
067170,오텍,KOSDAQ,61235313860
071090,하이스틸,KOSPI,61180157130
009200,무림페이퍼,KOSPI,61165685700
288180,케이피항공산업,KOSDAQ,60920478880
072130,유엔젤,KOSPI,60811224660
007820,엠엑스로보틱스,KOSDAQ,60803026110
333620,엔시스,KOSDAQ,60598484100
463020,뉴엔AI,KOSDAQ,60467352000
412350,레이저쎌,KOSDAQ,60310567590
024900,디와이덕양,KOSPI,60277777980
424960,스마트레이더시스템,KOSDAQ,60253077050
331740,아우토크립트,KOSDAQ,60163614470
408470,한패스,KOSDAQ,60154680000
002760,보락,KOSPI,60079700000
140070,서플러스글로벌,KOSDAQ,60068512000
411080,샌즈랩,KOSDAQ,59925479150
085310,엔케이,KOSPI,59863857180
010660,화천기계,KOSPI,59840000000
049550,잉크테크,KOSDAQ,59701113465
039010,현대에이치티,KOSDAQ,59598750000
307870,비투엔,KOSDAQ,59588026570
083790,CG인바이츠,KOSDAQ,59516096868
117670,알파칩스,KOSDAQ,59356121220
072950,빛샘전자,KOSDAQ,59347735700
010040,한국내화,KOSPI,59259770466
006370,대구백화점,KOSPI,59194212170
048910,대원미디어,KOSDAQ,58995256740
094850,참좋은여행,KOSDAQ,58940000000
417790,트루엔,KOSDAQ,58937041330
0007J0,인벤테라,KOSDAQ,58835540720
053050,지에스이,KOSDAQ,58625752135
215360,우리산업,KOSDAQ,58445843200
008370,원풍,KOSDAQ,58440000000
216050,인크로스,KOSDAQ,58309413160
004770,써니전자,KOSPI,58267705758
270520,앱튼,KOSDAQ,58190385440
099520,DGI,KOSDAQ,58141862016
002630,오리엔트바이오,KOSPI,58105671960
168330,내츄럴엔도텍,KOSDAQ,58079712100
039020,이건홀딩스,KOSDAQ,58042702130
251630,브이원텍,KOSDAQ,58032105040
129260,인터지스,KOSPI,58008354300
012690,모나리자,KOSPI,58002010430
291650,압타머사이언스,KOSDAQ,57987279900
061040,알에프텍,KOSDAQ,57908627200
060310,3S,KOSDAQ,57834353600
439580,블루엠텍,KOSDAQ,57809902276
010470,오리콤,KOSDAQ,57659865750
000220,유유제약,KOSPI,57635710920
049480,오픈베이스,KOSDAQ,57565805656
448710,코츠테크놀로지,KOSDAQ,57345418200
006880,신송홀딩스,KOSPI,57251672720
100590,머큐리,KOSDAQ,57246080300
014470,부방,KOSDAQ,57049647000
010770,평화홀딩스,KOSPI,56893062740
088910,동우팜투테이블,KOSDAQ,56845098440
014950,삼익제약,KOSDAQ,56843099840
263690,디알젬,KOSDAQ,56741306100
302430,이노메트리,KOSDAQ,56639278080
039610,화성밸브,KOSDAQ,56632576000
286750,나노실리칸첨단소재,KOSDAQ,56562961462
003010,혜인,KOSPI,56444596680
246960,SCL사이언스,KOSDAQ,56366246879
036670,삼양케이씨아이,KOSDAQ,56275846000
273640,와이엠텍,KOSDAQ,56145920000
175140,아고스,KOSDAQ,56124569250
067920,이글루,KOSDAQ,56080206900
137080,나래나노텍,KOSDAQ,56013033270
025550,한국선재,KOSDAQ,56003238780
075180,새론오토모티브,KOSPI,55968000000
036090,위지트,KOSDAQ,55953925910
043710,코스리거글로벌,KOSDAQ,55919381460
457370,한켐,KOSDAQ,55870588620
318160,셀바이오휴먼텍,KOSDAQ,55838327740
027050,코리아나,KOSDAQ,55800000000
045340,토탈소프트,KOSDAQ,55798420800
007280,한국특강,KOSPI,55631580680
459100,위츠,KOSDAQ,55547662500
042110,에스씨디,KOSDAQ,55530669036
340930,성원에너텍,KOSDAQ,55513882710
007370,진양제약,KOSDAQ,55478253975
001550,조비,KOSPI,55401190130
228340,동양파일,KOSDAQ,55400000000
095270,웨이브일렉트로,KOSDAQ,55333763100
001210,금호전기,KOSPI,55320794202
053620,태양,KOSDAQ,55298000000
011230,삼화전자,KOSPI,55293289725
050960,수산아이앤티,KOSDAQ,55290690000
036120,서울평가정보,KOSDAQ,55283085000
081180,쎄크,KOSDAQ,55159593750
046940,우원개발,KOSDAQ,55126767500
092440,기신정기,KOSPI,54866800000
004450,삼화왕관,KOSPI,54828945550
065530,와이어블,KOSDAQ,54823217814
104540,코렌텍,KOSDAQ,54769269850
217480,에스디생명공학,KOSDAQ,54756837359
100030,인지소프트,KOSDAQ,54575326680
007460,에이프로젠,KOSPI,54504295230
033320,제이씨현시스템,KOSDAQ,54380559040
053160,프리엠스,KOSDAQ,54300000000
378850,화승알앤에이,KOSPI,54226793665
003475,유안타증권우,KOSPI,54192095100
187420,HLB제넥스,KOSDAQ,54092677179
123010,알엔티엑스,KOSDAQ,54075680190
053450,세코닉스,KOSDAQ,54067694965
003780,진양산업,KOSPI,54015000000
007815,코리아써우,KOSPI,53957358000
299170,더블유에스아이,KOSDAQ,53923163112
003465,유화증권우,KOSPI,53914771125
370090,퓨런티어,KOSDAQ,53822460700
435570,에르코스,KOSDAQ,53775899980
192250,케이사인,KOSDAQ,53568807500
134580,탑코미디어,KOSDAQ,53434857516
024910,경창산업,KOSDAQ,53334498445
039240,경남스틸,KOSDAQ,53284717900
033310,엠투엔,KOSDAQ,53283283848
452400,이닉스,KOSDAQ,53249282360
002410,범양건영,KOSPI,53173451700
025530,SJM홀딩스,KOSPI,53090398440
123700,SJM,KOSPI,53056653200
054300,팬스타엔터프라이즈,KOSDAQ,53009785620
005305,롯데칠성우,KOSPI,52953673000
317830,에스피시스템스,KOSDAQ,52953315470
104620,노랑풍선,KOSDAQ,52953238800
000725,현대건설우,KOSPI,52945588600
004830,덕성,KOSPI,52920000000
260930,씨티케이,KOSDAQ,52802543430
155650,와이엠씨,KOSDAQ,52748715240
071670,에이테크솔루션,KOSDAQ,52700000000
082850,우리바이오,KOSDAQ,52672300286
040610,SG&G,KOSDAQ,52664717820
136410,아셈스,KOSDAQ,52616231150
384470,코어라인소프트,KOSDAQ,52583807560
347740,피엔케이피부임상연구센타,KOSDAQ,52398465696
063440,SM Life Design,KOSDAQ,52343865420
950200,소마젠,KOSDAQ,52322064160
420570,제이투케이바이오,KOSDAQ,52276498020
037440,희림,KOSDAQ,52209281250
205470,휴마시스,KOSDAQ,52187627115
090080,평화산업,KOSPI,52102243791
053270,구영테크,KOSDAQ,52079769500
033230,인성정보,KOSDAQ,51980326020
101140,인바이오젠,KOSPI,51928596720
027830,대성창투,KOSDAQ,51894000000
214330,금호에이치티,KOSPI,51761798550
463480,모티브링크,KOSDAQ,51667792860
002140,고려산업,KOSPI,51624609750
391710,코닉오토메이션,KOSDAQ,51570768700
096610,알에프세미,KOSDAQ,51550708615
256630,포인트엔지니어링,KOSDAQ,51443401090
35320K,대덕전자1우,KOSPI,51340215500
145170,노브랜드,KOSDAQ,51317009175
263600,덕우전자,KOSDAQ,51295598200
122310,제노레이,KOSDAQ,51229530880
064240,홈캐스트,KOSDAQ,51174020225
064800,포니링크,KOSDAQ,51122918000
089230,THE E&M,KOSDAQ,51023558112
020760,일진디스플,KOSPI,50984432422
003680,한성기업,KOSPI,50918023000
218150,미래생명자원,KOSDAQ,50733267970
101670,하이드로리튬,KOSDAQ,50588473617
460870,에스엠씨지,KOSDAQ,50584726080
294140,레몬,KOSDAQ,50452506450
393970,대진첨단소재,KOSDAQ,50428566500
419080,엔젯,KOSDAQ,50390871795
317530,에피소드컴퍼니,KOSDAQ,50385260160
476040,오가노이드사이언스,KOSDAQ,50381064000
191420,테고사이언스,KOSDAQ,50355859140
001465,BYC우,KOSPI,50292397500
004920,씨아이테크,KOSPI,50092677120
054930,유신,KOSDAQ,50040000000
097800,윈팩,KOSDAQ,50022652485
048770,TPC로보틱스,KOSDAQ,49919611380
056360,코위버,KOSDAQ,49571808000
37550K,DL이앤씨우,KOSPI,49570603250
006980,우성,KOSPI,49532700000
038010,제일테크노스,KOSDAQ,49410000000
021050,서원,KOSPI,49373573600
170790,파이오링크,KOSDAQ,49323452850
0013V0,삼진식품,KOSDAQ,49196533760
072990,에이치시티,KOSDAQ,49076427310
004060,SG세계물산,KOSPI,48885627840
317850,대모,KOSDAQ,48864345400
311690,CJ 바이오사이언스,KOSDAQ,48799500570
009320,아진전자부품,KOSPI,48708172760
084650,랩지노믹스,KOSDAQ,48701433440
011000,진원생명과학,KOSPI,48531471270
019990,에너토크,KOSDAQ,48438976920
046210,HLB파나진,KOSDAQ,48305165560
023810,인팩,KOSPI,48250000000
057540,옴니시스템,KOSDAQ,48228145616
094940,푸른로보틱스,KOSDAQ,48077969500
219550,디와이디,KOSDAQ,47877490928
082660,코스나인,KOSDAQ,47827617120
241790,티이엠씨씨엔에스,KOSDAQ,47762577350
001620,케이비아이동국실업,KOSPI,47633416840
418250,시큐레터,KOSDAQ,47629012750
066670,디티씨,KOSDAQ,47570931310
065130,탑엔지니어링,KOSDAQ,47531880000
015710,코콤,KOSDAQ,47420002500
037950,엘컴텍,KOSDAQ,47375055915
092300,현우산업,KOSDAQ,47352196850
352910,오비고,KOSDAQ,47328568490
006125,SK디스커버리우,KOSPI,47297472000
198080,캐프,KOSDAQ,47162055150
088280,쏘닉스,KOSDAQ,47160185250
041650,상신브레이크,KOSPI,47129832750
261520,이지스,KOSDAQ,47123713000
004540,깨끗한나라,KOSPI,47072235952
321260,프로이천,KOSDAQ,46996204028
357250,미래에셋맵스리츠,KOSPI,46990797400
023440,제이스코홀딩스,KOSDAQ,46964378481
189980,흥국에프엔비,KOSDAQ,46961257590
179530,애드바이오텍,KOSDAQ,46839619662
109080,옵티시스,KOSDAQ,46835160000
099220,SDN,KOSDAQ,46830596400
373160,데이원컴퍼니,KOSDAQ,46807319910
314140,알피바이오,KOSDAQ,46798349400
217500,러셀,KOSDAQ,46763640000
225190,LK삼양,KOSDAQ,46720575720
053980,오상자이엘,KOSDAQ,46602732265
011300,우성머티리얼스,KOSPI,46328281115
069460,대호에이엘,KOSPI,46322277400
163280,에어레인,KOSDAQ,46250465200
471820,셀로맥스사이언스,KOSDAQ,46228775110
009835,한화솔루션우,KOSPI,46227514550
28513K,SK케미칼우,KOSPI,46010580750
372910,한컴라이프케어,KOSPI,45994862772
060560,HC홈센타,KOSDAQ,45977669811
440290,HB인베스트먼트,KOSDAQ,45935738100
376290,씨유테크,KOSDAQ,45821212500
052460,아이크래프트,KOSDAQ,45649800000
052790,액토즈소프트,KOSDAQ,45446115520
317690,퀀타매트릭스,KOSDAQ,45404490395
340360,다보링크,KOSDAQ,45398737184
457600,벡트,KOSDAQ,45371825000
000950,전방,KOSPI,45360000000
002920,유성기업,KOSPI,45226492500
413640,비아이매트릭스,KOSDAQ,45187513800
005030,부산주공,KOSPI,45092532168
143540,영우디에스피,KOSDAQ,45090493845
092780,DYP,KOSPI,44970290900
023350,한국종합기술,KOSPI,44895000000
074610,이엔플러스,KOSPI,44815400070
127710,아시아경제,KOSDAQ,44798046570
461030,아이엠비디엑스,KOSDAQ,44652020455
007680,대원,KOSDAQ,44626740750
073110,엘엠에스,KOSDAQ,44567732550
086060,진바이오텍,KOSDAQ,44430628920
004910,조광페인트,KOSPI,44352000000
094970,제이엠티,KOSDAQ,44299094800
479960,위너스일렉,KOSDAQ,44252460000
950220,네오이뮨텍,KOSDAQ,44235909120
460470,아이빔테크놀로지,KOSDAQ,44224157250
131400,이브이첨단소재,KOSDAQ,44157584562
288330,파라택시스코리아,KOSDAQ,44129674368
008420,문배철강,KOSPI,44082535750
003080,SB성보,KOSPI,43943900000
481850,신한글로벌액티브리츠,KOSPI,43912440640
025880,케이씨피드,KOSDAQ,43879127250
000910,유니온,KOSPI,43868649390
238120,얼라인드,KOSDAQ,43792283920
072470,우리산업홀딩스,KOSDAQ,43535321005
190650,코리아에셋투자증권,KOSDAQ,43438400000
051390,YW,KOSDAQ,43377505760
129890,앱코,KOSDAQ,43359413104
011390,부산산업,KOSPI,43348800000
097870,효성오앤비,KOSDAQ,43299000000
014910,성문전자,KOSPI,43277368860
0010V0,제이피아이헬스케어,KOSDAQ,43242738000
178780,일월지엠엘,KOSDAQ,43149736425
056700,신화인터텍,KOSDAQ,43119934680
262260,에이프로,KOSDAQ,43046719300
189690,포시에스,KOSDAQ,43032101175
024950,삼천리자전거,KOSDAQ,43028000000
066130,하츠,KOSDAQ,43008000000
215380,우정바이오,KOSDAQ,42915418800
099410,동방선기,KOSDAQ,42910000000
270870,뉴트리,KOSDAQ,42873043840
263020,디케이앤디,KOSDAQ,42684510410
273060,와이즈버즈,KOSDAQ,42638346790
222420,쎄노텍,KOSDAQ,42511463194
060850,영림원소프트랩,KOSDAQ,42281200000
042940,상지건설,KOSDAQ,42064865920
052220,iMBC,KOSDAQ,42021000000
089790,제이티,KOSDAQ,41932560345
114450,그린생명과학,KOSDAQ,41800000000
196450,코아시아씨엠,KOSDAQ,41785040000
189860,서전기전,KOSDAQ,41704754000
068330,일신바이오,KOSDAQ,41651603880
159580,제로투세븐,KOSDAQ,41467556520
017180,명문제약,KOSPI,41423213880
277070,린드먼아시아,KOSDAQ,41418300000
019490,엑시큐어하이트론,KOSPI,41349858070
133820,화인베스틸,KOSPI,41345555228
037230,한국팩키지,KOSDAQ,41333053549
026910,광진실업,KOSDAQ,41227295200
224110,에이텍모빌리티,KOSDAQ,41201930460
140520,대창스틸,KOSDAQ,41163023850
047400,유니온머티리얼,KOSPI,41118000000
033540,파라텍,KOSDAQ,41117862497
382150,온코크로스,KOSDAQ,41100375090
066900,디에이피,KOSDAQ,40940105400
038070,서린바이오,KOSDAQ,40922974400
424980,마이크로투나노,KOSDAQ,40840341000
014190,원익큐브,KOSDAQ,40704331650
263810,상신전자,KOSDAQ,40528679625
026940,부국철강,KOSPI,40500000000
012280,영화금속,KOSPI,40461520585
017040,광명전기,KOSPI,40390657180
177900,쓰리에이로직스,KOSDAQ,40387782000
011420,갤럭시아에스엠,KOSPI,40305129172
263920,휴엠앤씨,KOSDAQ,40266051730
004410,서울식품,KOSPI,40165203234
000890,보해양조,KOSPI,40137708325
002290,삼일기업공사,KOSDAQ,40052000000
171010,램테크놀러지,KOSDAQ,40036505600
153460,네이블,KOSDAQ,39963685680
315640,딥노이드,KOSDAQ,39946235520
299900,위지윅스튜디오,KOSDAQ,39854389972
290670,대보마그네틱,KOSDAQ,39838336200
480370,씨케이솔루션,KOSPI,39757243392
050120,ES큐브,KOSDAQ,39742771980
064090,인크레더블버즈,KOSDAQ,39694710510
008870,금비,KOSPI,39600000000
361570,알비더블유,KOSDAQ,39579511707
037330,인지디스플레,KOSDAQ,39408931152
261200,덴티스,KOSDAQ,39287104500
219420,링크제니시스,KOSDAQ,39283061475
234100,폴라리스세원,KOSDAQ,39205392660
227950,엔투텍,KOSDAQ,39201325424
199550,레이저옵텍,KOSDAQ,39192888240
321820,아티스트컴퍼니,KOSDAQ,39134353760
229000,젠큐릭스,KOSDAQ,39101607385
065440,이루온,KOSDAQ,39085103660
122690,서진오토모티브,KOSDAQ,38957632208
104200,NHN벅스,KOSDAQ,38848181000
258610,케일럼,KOSDAQ,38820107032
145270,케이탑리츠,KOSPI,38785044618
043340,에쎈테크,KOSDAQ,38760000000
134790,시디즈,KOSPI,38740000000
150900,파수AI,KOSDAQ,38739981820
084870,TBH글로벌,KOSPI,38727478608
065500,오리엔트정공,KOSDAQ,38661506656
221980,케이디켐,KOSDAQ,38532340000
049830,승일,KOSDAQ,38509663360
466410,사이냅소프트,KOSDAQ,38382115260
900250,크리스탈신소재,KOSDAQ,38357866071
204020,그리티,KOSDAQ,38279237376
050860,아세아텍,KOSDAQ,38182500000
044960,이글벳,KOSDAQ,38178486660
051490,나라엠앤디,KOSDAQ,38127000000
307280,원바이오젠,KOSDAQ,38098146990
023960,에쓰씨엔지니어링,KOSPI,37959903050
290120,DH오토리드,KOSDAQ,37822173030
007530,와이엠,KOSDAQ,37787684238
360350,코셈,KOSDAQ,37739511800
123570,이엠넷,KOSDAQ,37535191430
369370,블리츠웨이엔터테인먼트,KOSDAQ,37403933250
014570,고려제약,KOSDAQ,37400000000
005360,모나미,KOSPI,37359975939
256150,한독크린텍,KOSDAQ,37357750000
046310,백금T&A,KOSDAQ,37352408275
305090,마이크로디지탈,KOSDAQ,37334806255
052600,한네트,KOSDAQ,37292932500
352700,씨앤투스,KOSDAQ,37208088984
012160,영흥,KOSPI,37177273140
013000,세우글로벌,KOSPI,37173015145
100660,서암기계공업,KOSDAQ,37170000000
045060,오공,KOSDAQ,37102923060
373200,엑스플러스,KOSDAQ,37038947523
203450,유니온바이오메트릭스,KOSDAQ,37027788410
221840,하이즈항공,KOSDAQ,36914907414
105760,포스뱅크,KOSDAQ,36891010940
002870,신풍,KOSPI,36846469800
081580,성우전자,KOSDAQ,36831839625
024120,KB오토시스,KOSDAQ,36800000000
355690,에이텀,KOSDAQ,36773471800
263770,유에스티,KOSDAQ,36711566428
059100,아이컴포넌트,KOSDAQ,36627054800
002880,디와이에이,KOSPI,36624038085
246690,TS인베스트먼트,KOSDAQ,36523275264
000215,DL우,KOSPI,36504389750
011330,유니켐,KOSPI,36480977235
263700,케어랩스,KOSDAQ,36479281800
196300,HLB펩,KOSDAQ,36427465515
237820,플레이디,KOSDAQ,36364941900
019770,서연탑메탈,KOSDAQ,36348000000
021650,한국큐빅,KOSDAQ,36298249860
072770,멤레이비티,KOSDAQ,36240061554
250000,보라티알,KOSDAQ,36048914220
049800,우진플라임,KOSPI,36000000000
010400,우진아이엔에스,KOSPI,35975840000
284620,카이노스메드,KOSDAQ,35965517911
260660,알리코제약,KOSDAQ,35941864245
184230,SGA솔루션즈,KOSDAQ,35906048079
458350,에스팀,KOSDAQ,35818200000
127980,화인써키트,KOSDAQ,35758865680
068940,셀피글로벌,KOSDAQ,35720093048
009460,한창제지,KOSPI,35681156030
340810,시선AI,KOSDAQ,35613387360
064520,테크엘,KOSDAQ,35560539642
049470,비트플래닛,KOSDAQ,35552797490
450330,하스,KOSDAQ,35530898620
043910,자연과환경,KOSDAQ,35491523850
033340,좋은사람들,KOSDAQ,35483904228
159910,에코글로우,KOSDAQ,35378787860
263050,유틸렉스,KOSDAQ,35324626904
089140,넥스턴앤롤코리아,KOSDAQ,35303919370
239890,피엔에이치테크,KOSDAQ,35073215150
083550,케이엠,KOSDAQ,35042686525
101240,씨큐브,KOSDAQ,35036505420
009140,경인전자,KOSPI,35028773100
365590,하이딥,KOSDAQ,34973822500
215790,이노인스트루먼트,KOSDAQ,34925490183
032960,동일기연,KOSDAQ,34904462400
207760,미스터블루,KOSDAQ,34893508860
087600,픽셀플러스,KOSDAQ,34789537080
086040,바이오톡스텍,KOSDAQ,34709187225
128540,에코캡,KOSDAQ,34564145700
071850,캐스텍코리아,KOSDAQ,34523314774
148930,에이치와이티씨,KOSDAQ,34443096005
025440,DH오토웨어,KOSDAQ,34439541320
057030,YBM넷,KOSDAQ,34419790670
033170,시그네틱스,KOSDAQ,34377055919
408900,스튜디오미르,KOSDAQ,34259563734
226330,신테카바이오,KOSDAQ,34252966700
000760,이화산업,KOSPI,34244000000
090410,덕신이피씨,KOSDAQ,34148314395
393210,토마토시스템,KOSDAQ,34117778640
006920,모헨즈,KOSDAQ,34070400000
200780,비씨월드제약,KOSDAQ,34023458590
465480,인스피언,KOSDAQ,33910847340
173940,에프엔씨엔터,KOSDAQ,33864177600
186230,그린플러스,KOSDAQ,33852582800
432430,와이랩,KOSDAQ,33842056000
376930,노을,KOSDAQ,33800981857
095910,에스에너지,KOSDAQ,33753702645
038060,루멘스,KOSDAQ,33672148300
078590,휴림에이텍,KOSDAQ,33622470935
208860,다산디엠씨,KOSDAQ,33610473270
143210,핸즈코퍼레이션,KOSPI,33571739817
446070,유니드비티플러스,KOSPI,33531439400
215090,솔디펜스,KOSDAQ,33459930145
419120,산돌,KOSDAQ,33353143705
001070,대한방직,KOSPI,33337000000
004365,세방우,KOSPI,33277035000
046390,삼화네트웍스,KOSDAQ,33260427198
276730,한울앤제주,KOSDAQ,33105433410
364950,에이아이코리아,KOSDAQ,33061333325
016600,큐캐피탈,KOSDAQ,32949378360
089150,케이씨티,KOSDAQ,32756500000
452200,민테크,KOSDAQ,32751948800
318410,비비씨,KOSDAQ,32720381270
446840,지슨,KOSDAQ,32719349520
020180,대신정보통신,KOSDAQ,32703006665
080520,오디텍,KOSDAQ,32665173045
465770,STX그린로지스,KOSPI,32628195600
317870,엔바이오니아,KOSDAQ,32582383075
220180,핸디소프트,KOSDAQ,32522014278
475460,미트박스,KOSDAQ,32467518750
068050,팬엔터테인먼트,KOSDAQ,32457457072
332290,누보,KOSDAQ,32442280452
075130,플랜티넷,KOSDAQ,32405863200
297570,아틀라스링크,KOSDAQ,32232353958
066360,체리부로,KOSDAQ,32079898035
310870,디와이씨,KOSDAQ,32050844124
308170,씨티알모빌리티,KOSPI,32029200000
388610,지에프씨생명과학,KOSDAQ,31952298000
299660,셀리드,KOSDAQ,31922221114
036420,콘텐트리중앙,KOSPI,31917644356
417860,오브젠,KOSDAQ,31630408320
103840,우양,KOSDAQ,31619938896
006570,대림통상,KOSPI,31591875000
035460,기산텔레콤,KOSDAQ,31556519100
278650,HLB바이오스텝,KOSDAQ,31535204364
452300,캡스톤파트너스,KOSDAQ,31527148625
066910,손오공,KOSDAQ,31525518360
160550,NEW,KOSDAQ,31422275356
262840,아이퀘스트,KOSDAQ,31383847440
002690,동일제강,KOSPI,31364056200
031510,오스템,KOSDAQ,31360000000
002420,세기상사,KOSPI,31342227000
064480,브리지텍,KOSDAQ,31315550000
008250,이건산업,KOSPI,31269772925
452160,제이엔비,KOSDAQ,31256962750
027740,마니커,KOSPI,31247524176
258830,세종메디칼,KOSDAQ,31223976612
001380,SG글로벌,KOSPI,31182632477
005820,원림,KOSPI,31137493500
079000,와토스코리아,KOSDAQ,31104000000
060540,에스에이티,KOSDAQ,31098191460
105550,엣지파운드리,KOSDAQ,31087899247
025750,한솔홈데코,KOSPI,31082032941
014130,한익스프레스,KOSPI,31081032290
023150,MH에탄올,KOSPI,30842238680
351330,이삭엔지니어링,KOSDAQ,30833294400
053290,NE능률,KOSDAQ,30771983634
133750,메가엠디,KOSDAQ,30686677947
024070,WISCOM,KOSPI,30652876000
363250,진시스템,KOSDAQ,30545091380
288620,에스프리즘,KOSDAQ,30429817760
007120,미래아이앤지,KOSPI,30328656540
106240,파인테크닉스,KOSDAQ,30324221800
045510,정원엔시스,KOSDAQ,30308943772
075970,동국알앤에스,KOSDAQ,30304800000
459550,알트,KOSDAQ,30290133961
246250,에스엘에스바이오,KOSDAQ,30220617614
033830,티비씨,KOSDAQ,30213593740
464280,티디에스팜,KOSDAQ,30193800000
038620,위즈코프,KOSDAQ,30140327070
012620,원일특강,KOSDAQ,30140000000
003060,에이프로젠바이오로직스,KOSPI,30121861660
407400,꿈비,KOSDAQ,30073967370
290090,트윔,KOSDAQ,30022691880
088790,진도,KOSPI,29999063040
009810,플레이그램,KOSPI,29967403750
026040,제이에스티나,KOSDAQ,29888363690
118000,메타케어,KOSPI,29885588675
109820,진매트릭스,KOSDAQ,29876682600
239610,에이치엘사이언스,KOSDAQ,29818395950
119500,포메탈,KOSDAQ,29795788480
006490,프리티,KOSPI,29784263561
271830,팸텍,KOSDAQ,29696633414
311390,네오크레마,KOSDAQ,29673135205
096630,에스코넥,KOSDAQ,29672847687
351320,넥사다이내믹스,KOSDAQ,29639244716
038950,파인디지털,KOSDAQ,29611218500
131090,시큐브,KOSDAQ,29599024165
091970,LSK아이로봇,KOSDAQ,29498663700
348030,모비릭스,KOSDAQ,29291590000
022220,티케이지애강,KOSDAQ,29263937135
318010,팜스빌,KOSDAQ,29259257220
050110,캠시스,KOSDAQ,29195598177
090370,메타랩스,KOSPI,29161407852
123750,알톤,KOSDAQ,29158636490
065150,대산F&B,KOSDAQ,29119164480
006345,대원전선우,KOSPI,29095320000
065950,웰크론,KOSDAQ,29078241060
476080,M83,KOSDAQ,28996430000
148250,알엔투테크놀로지,KOSDAQ,28990799520
335810,프리시젼바이오,KOSDAQ,28973347920
069410,엔텔스,KOSDAQ,28890403680
002820,SUN&L,KOSPI,28872294810
462310,뉴키즈온,KOSDAQ,28869401275
039290,인포뱅크,KOSDAQ,28820537070
227610,아우딘퓨쳐스,KOSDAQ,28790612506
068100,케이웨더,KOSDAQ,28745361760
058110,멕아이씨에스,KOSDAQ,28682297110
187270,신화콘텍,KOSDAQ,28656362125
038880,아이에이,KOSDAQ,28554807400
131220,대한과학,KOSDAQ,28550696700
014990,인디에프,KOSPI,28542938100
206400,베노티앤알,KOSDAQ,28507720080
038870,에코심플렉스,KOSDAQ,28450346470
336060,웨이버스,KOSDAQ,28411568000
434480,모니터랩,KOSDAQ,28375241500
088340,유라클,KOSDAQ,28368392000
199480,뱅크웨어글로벌,KOSDAQ,28295531700
288980,모아데이타,KOSDAQ,28231950104
043220,티에스넥스젠,KOSDAQ,28191099330
044480,빌리언스,KOSDAQ,28030522188
004870,티웨이홀딩스,KOSPI,27951383018
187220,디티앤씨,KOSDAQ,27832713195
005320,온타이드,KOSPI,27828905830
289220,자이언트스텝,KOSDAQ,27823339587
355390,크라우드웍스,KOSDAQ,27780102000
257370,피엔티엠에스,KOSDAQ,27760791420
177830,파버나인,KOSDAQ,27635422920
444530,심플랫폼,KOSDAQ,27600169200
197140,디지캡,KOSDAQ,27587886480
206560,덱스터,KOSDAQ,27571733560
317240,TS트릴리온,KOSDAQ,27513638473
057680,티사이언티픽,KOSDAQ,27479661660
069140,누리플랜,KOSDAQ,27474363280
003535,한화투자증권우,KOSPI,27456000000
093240,형지엘리트,KOSPI,27441445773
198940,한주라이트메탈,KOSDAQ,27435649280
016670,디모아,KOSDAQ,27422489460
475660,에스켐,KOSDAQ,27397579925
138070,신진에스엠,KOSDAQ,27375011056
017000,신원종합개발,KOSDAQ,27361523315
031310,아이즈비전,KOSDAQ,27337172269
121890,에스디시스템,KOSDAQ,27247464300
115160,휴맥스,KOSDAQ,27123373180
169330,엠브레인,KOSDAQ,27109038640
080530,코디,KOSDAQ,27070267380
130500,GH신소재,KOSDAQ,27053796720
083640,인콘,KOSDAQ,27044928054
291230,엔피,KOSDAQ,26986614300
032750,삼진,KOSDAQ,26957899170
030720,동원수산,KOSPI,26852454850
900070,글로벌에스엠,KOSDAQ,26845112016
016920,카스,KOSDAQ,26837953994
450520,인스웨이브,KOSDAQ,26806445694
010640,진양폴리,KOSPI,26720000000
340440,세림B&G,KOSDAQ,26647283796
333050,이노테나,KOSDAQ,26591868000
188260,세니젠,KOSDAQ,26500419054
093380,풍강,KOSDAQ,26476558840
005110,한창,KOSPI,26467434378
045300,성우테크론,KOSDAQ,26420265060
356890,싸이버원,KOSDAQ,26417953250
290520,신도기연,KOSDAQ,26373810864
33637K,솔루스첨단소재1우,KOSPI,26326948662
043200,파루,KOSDAQ,26294914135
464580,닷밀,KOSDAQ,26283895092
001810,무림SP,KOSDAQ,26277212500
013720,청보,KOSDAQ,26216929633
238490,힘스,KOSDAQ,26131265160
051380,피씨디렉트,KOSDAQ,26047442256
376980,원티드랩,KOSDAQ,25929776070
237750,피앤씨테크,KOSDAQ,25888951000
146060,율촌,KOSDAQ,25888811410
037370,EG,KOSDAQ,25874916000
032790,엠젠솔루션,KOSDAQ,25808506530
430690,한싹,KOSDAQ,25767393960
052300,오션인더블유,KOSDAQ,25730698752
023790,동일스틸럭스,KOSDAQ,25721382144
318000,KBG,KOSDAQ,25696255620
298060,풍전약품,KOSDAQ,25587421785
219750,한국비티비,KOSDAQ,25581912035
019660,글로본,KOSDAQ,25573906722
099390,브레인즈컴퍼니,KOSDAQ,25568801545
267790,배럴,KOSDAQ,25566952425
462980,아이지넷,KOSDAQ,25509977363
406820,뷰티스킨,KOSDAQ,25473354914
002355,넥센타이어1우B,KOSPI,25382500000
051630,진양화학,KOSPI,25376400000
376180,피코그램,KOSDAQ,25372938946
290270,휴네시온,KOSDAQ,25364254080
900310,컬러레이,KOSDAQ,25360503300
195500,마니커에프앤지,KOSDAQ,25357086000
0010F0,보원케미칼,KOSDAQ,25351692275
027040,서울전자통신,KOSDAQ,25330339580
035200,프럼파스트,KOSDAQ,25308847845
032860,더라미,KOSDAQ,25287810238
114630,폴라리스우노,KOSDAQ,25266873568
007720,소노스퀘어,KOSDAQ,25220272590
054940,엑사이엔씨,KOSDAQ,25211896480
013810,스페코,KOSDAQ,25207408400
348080,큐라티스,KOSDAQ,25168051386
033050,제이엠아이,KOSDAQ,25153069120
047080,한빛소프트,KOSDAQ,25120230344
318020,포인트모바일,KOSDAQ,25094594880
048470,대동스틸,KOSDAQ,25090000000
025890,한국주강,KOSPI,25075386000
053950,경남제약,KOSDAQ,25054042013
225220,제놀루션,KOSDAQ,25042977405
073540,에프알텍,KOSDAQ,25023000000
021880,메이슨캐피탈,KOSDAQ,24995322320
091340,S&K폴리텍,KOSDAQ,24987444335
033250,체시스,KOSPI,24928000000
024890,대원화성,KOSPI,24914486600
079170,한창산업,KOSDAQ,24908000000
462510,라메디텍,KOSDAQ,24868376125
018680,서울제약,KOSDAQ,24834349470
097780,에코볼트,KOSDAQ,24777861669
363260,모비데이즈,KOSDAQ,24766102130
036480,대성미생물,KOSDAQ,24738000000
208350,지란지교시큐리티,KOSDAQ,24669280650
367000,플래티어,KOSDAQ,24661328580
208710,포톤,KOSDAQ,24646846840
039740,한국정보공학,KOSDAQ,24616478790
054780,키이스트,KOSDAQ,24591899043
109960,앱토크롬,KOSDAQ,24574746392
083660,CSA 코스믹,KOSDAQ,24526966090
254120,자비스,KOSDAQ,24511153190
373170,엠아이큐브솔루션,KOSDAQ,24454112220
033200,모아텍,KOSDAQ,24438024495
085810,알티캐스트,KOSDAQ,24428654784
019175,신풍제약우,KOSPI,24352742900
378800,샤페론,KOSDAQ,24323834306
290560,파라택시스이더리움,KOSDAQ,24308287510
003495,대한항공우,KOSPI,24270848900
063760,이엘피,KOSDAQ,24245338000
296640,이노에이엑스,KOSDAQ,24130654320
222980,한국맥널티,KOSDAQ,24103790355
053060,세동,KOSDAQ,24084719516
193250,링크드,KOSDAQ,24064079400
342870,오아,KOSDAQ,23980866800
464500,아이언디바이스,KOSDAQ,23830526889
300120,라온피플,KOSDAQ,23662919648
387570,파인메딕스,KOSDAQ,23628780000
353190,휴럼,KOSDAQ,23430159900
060380,동양에스텍,KOSDAQ,23403600000
056730,CNT85,KOSDAQ,23359845512
002360,SH에너지화학,KOSPI,23338083300
403490,우듬지팜,KOSDAQ,23333691712
009310,참엔지니어링,KOSPI,23329484620
232830,아이티센피엔에스,KOSDAQ,23312553660
067010,이씨에스,KOSDAQ,23246947500
007770,한일화학,KOSDAQ,23236200000
455180,케이지에이,KOSDAQ,23226637824
044780,에이치케이,KOSDAQ,23224762685
000040,KR모터스,KOSPI,23062174128
397810,애드포러스,KOSDAQ,23017034200
109670,씨싸이트,KOSDAQ,22996211880
019570,플루토스,KOSDAQ,22955735101
398120,에스지헬스케어,KOSDAQ,22939729851
070590,인티큐브,KOSDAQ,22901209650
134060,이퓨쳐,KOSDAQ,22868553750
004270,남성,KOSPI,22849872960
383930,디티앤씨알오,KOSDAQ,22819668480
131100,티엔엔터테인먼트,KOSDAQ,22798433868
054090,삼진엘앤디,KOSDAQ,22687941888
432980,엠에프씨,KOSDAQ,22682198880
076080,웰크론한텍,KOSDAQ,22616750156
405920,나라셀라,KOSDAQ,22613901456
008775,호텔신라우,KOSPI,22593963950
359090,씨엔알리서치,KOSDAQ,22563002709
065370,위세아이텍,KOSDAQ,22557979470
130740,티피씨글로벌,KOSDAQ,22553358000
210120,캔버스엔,KOSDAQ,22540854540
032080,아즈텍WB,KOSDAQ,22501107363
188040,바이오포트,KOSDAQ,22460678400
065650,하이퍼코퍼레이션,KOSDAQ,22329813480
347770,핌스,KOSDAQ,22308472992
014100,메디앙스,KOSDAQ,22278400000
006200,한국전자홀딩스,KOSPI,22278292260
069640,한세엠케이,KOSPI,22224024992
429270,시지트로닉스,KOSDAQ,22217600795
153490,우리이앤엘하루틴,KOSDAQ,22136400000
258790,소프트캠프,KOSDAQ,22092291520
001420,태원물산,KOSPI,22078000000
241840,에이스토리,KOSDAQ,22037386140
223310,사토시홀딩스,KOSDAQ,21989612450
33626L,두산퓨얼셀2우B,KOSPI,21919442000
352940,인바이오,KOSDAQ,21898475950
131180,딜리,KOSDAQ,21895100000
139670,키네마스터,KOSDAQ,21813561450
415380,스튜디오삼익,KOSDAQ,21741652500
469750,아이비젼웍스,KOSDAQ,21673126549
067730,로지시스,KOSDAQ,21669585280
080720,한국유니온제약,KOSDAQ,21562456300
058450,한주에이알티,KOSDAQ,21457232160
377030,비트맥스,KOSDAQ,21437553000
115480,씨유메디칼,KOSDAQ,21436842648
215480,토박스코리아,KOSDAQ,21415560000
017250,인터엠,KOSDAQ,21340103538
424760,벨로크,KOSDAQ,21315260160
405000,플라즈맵,KOSDAQ,21188210880
080470,성창오토텍,KOSDAQ,21133500000
054410,케이피티유,KOSDAQ,21044681700
301300,바이브컴퍼니,KOSDAQ,21021229776
275630,에스에스알,KOSDAQ,21015232000
277410,인산가,KOSDAQ,20972679000
006740,블루산업개발,KOSPI,20962265475
024940,PN풍년,KOSDAQ,20950000000
090150,아이윈,KOSDAQ,20895771207
252500,세화피앤씨,KOSDAQ,20867654170
016100,리더스코스메틱,KOSDAQ,20858176248
023770,플레이위드,KOSDAQ,20845333350
032280,삼일,KOSDAQ,20802035970
373110,엑셀세라퓨틱스,KOSDAQ,20735978406
196700,웹스,KOSDAQ,20713095648
032680,소프트센,KOSDAQ,20668178071
362990,드림인사이트,KOSDAQ,20664706020
317120,라닉스,KOSDAQ,20631520000
021040,대호특수강,KOSDAQ,20597830526
140430,카티스,KOSDAQ,20555921961
331520,밸로프,KOSDAQ,20549213560
049120,파인디앤씨,KOSDAQ,20546022894
224060,더코디,KOSDAQ,20539673560
195990,루트K,KOSDAQ,20522721240
279600,미디어젠,KOSDAQ,20519340780
372800,아이티아이즈,KOSDAQ,20478219990
238200,비피도,KOSDAQ,20450000000
015260,에이엔피,KOSPI,20448731996
071950,코아스,KOSPI,20445538995
192390,윈하이텍,KOSDAQ,20420655879
110020,전진바이오팜,KOSDAQ,20382214500
096690,에이루트,KOSDAQ,20275123680
365900,브이씨,KOSDAQ,20249531000
377330,이지트로닉스,KOSDAQ,20146386150
073570,리튬포어스,KOSDAQ,20102337760
115570,스타플렉스,KOSDAQ,20081037620
069330,유아이디,KOSDAQ,20004037320
043360,디지아이,KOSDAQ,19980000000
039310,세중,KOSDAQ,19951955367
015020,이스타코,KOSPI,19883142400
065690,파커스,KOSDAQ,19865754034
361670,삼영에스앤씨,KOSDAQ,19836803000
440320,오픈놀,KOSDAQ,19830260000
438700,버넥트,KOSDAQ,19648441070
096870,엘디티,KOSDAQ,19576057655
353590,오토앤,KOSDAQ,19570866400
154030,아시아종묘,KOSDAQ,19467853338
001685,대상우,KOSPI,19416059910
048830,엔피케이,KOSDAQ,19379260305
006050,국영지앤엠,KOSDAQ,19366859865
054220,비츠로시스,KOSDAQ,19301414328
001000,신라섬유,KOSDAQ,19300644300
101680,한국정밀기계,KOSDAQ,19287180000
084440,유비온,KOSDAQ,19285480368
304840,피플바이오,KOSDAQ,19261962720
322780,코퍼스코리아,KOSDAQ,19251010350
214610,롤링스톤,KOSDAQ,19197807380
357430,마스턴프리미어리츠,KOSPI,19096322182
060230,제이케이시냅스,KOSDAQ,19074606012
115610,이미지스,KOSDAQ,19028218090
065060,지엔코,KOSDAQ,18989523620
351870,차이커뮤니케이션,KOSDAQ,18984252042
368970,오에스피,KOSDAQ,18966355520
236810,엔비티,KOSDAQ,18876673712
328380,솔트웨어,KOSDAQ,18844526250
101400,엔시트론,KOSDAQ,18786860800
034940,조아제약,KOSDAQ,18773775162
031860,디에이치엑스컴퍼니,KOSDAQ,18714758139
032800,판타지오,KOSDAQ,18692283000
200350,아티스트스튜디오,KOSDAQ,18672574700
274400,이노시뮬레이션,KOSDAQ,18536445720
038530,케이바이오랩스,KOSDAQ,18514295200
078860,아이오케이이엔엠,KOSDAQ,18500678060
303530,이노뎁,KOSDAQ,18458336985
037400,우리엔터프라이즈,KOSDAQ,18382565546
020400,대동금속,KOSDAQ,18369596160
239340,이스트에이드,KOSDAQ,18319171486
00499K,롯데지주우,KOSPI,18287188100
240600,유진테크놀로지,KOSDAQ,17943911090
431190,케이쓰리아이,KOSDAQ,17930028590
018700,졸스,KOSDAQ,17887663408
088290,이원컴포텍,KOSDAQ,17786640560
354200,엔젠바이오,KOSDAQ,17783800170
008600,윌비스,KOSPI,17615839860
060260,뉴보텍,KOSDAQ,17611909920
051780,큐로홀딩스,KOSDAQ,17581331625
009440,KC그린홀딩스,KOSPI,17568790596
098660,에스티오,KOSDAQ,17501366400
060900,에이전트AI,KOSDAQ,17500855105
050760,에스폴리텍,KOSDAQ,17494440138
303030,지니틱스,KOSDAQ,17390046924
419540,비스토스,KOSDAQ,17338516230
012340,뉴인텍,KOSDAQ,17316488912
027580,상보,KOSDAQ,17269096045
108675,LX하우시스우,KOSPI,17219264400
045520,크린앤사이언스,KOSDAQ,17160000000
137940,넥스트아이,KOSDAQ,17159166990
103230,에스앤더블류,KOSDAQ,17136000000
079950,인베니아,KOSDAQ,17083285800
002070,비비안,KOSPI,17022755520
043590,웰킵스하이텍,KOSDAQ,16960476250
018620,우진비앤지,KOSDAQ,16951140990
482680,미래에셋비전스팩7호,KOSDAQ,16881825000
241820,피씨엘,KOSDAQ,16803871920
306040,에스제이그룹,KOSDAQ,16752175944
477380,미래에셋비전스팩4호,KOSDAQ,16726500000
154040,다산솔루에타,KOSDAQ,16535944710
335870,윙스풋,KOSDAQ,16465714959
005725,넥센우,KOSPI,16454742000
225590,패션플랫폼,KOSDAQ,16414010080
142760,모아라이프플러스,KOSDAQ,15981285420
344860,이노진,KOSDAQ,15927720000
065770,CS,KOSDAQ,15897715470
368600,아이씨에이치,KOSDAQ,15786793980
0072Z0,KB제33호스팩,KOSDAQ,15699035000
131760,파인텍,KOSDAQ,15635368800
012170,아센디오,KOSPI,15552148992
0101C0,하나36호스팩,KOSDAQ,15456780000
900340,윙입푸드,KOSDAQ,15439012164
469880,하나30호스팩,KOSDAQ,15413550000
002025,코오롱우,KOSPI,15387394620
285800,진영,KOSDAQ,15379997600
0130H0,엔에이치스팩33호,KOSDAQ,15376900000
065420,에스아이리소스,KOSDAQ,15317541986
011090,에넥스,KOSPI,15295599660
477340,에이치엠씨제7호스팩,KOSDAQ,15282850000
18064K,한진칼우,KOSPI,15190477800
113810,디젠스,KOSDAQ,15172043715
030350,드래곤플라이,KOSDAQ,15171092867
067770,세진티에스,KOSDAQ,15122263993
309930,조이웍스앤코,KOSDAQ,15115872865
200230,텔콘RF제약,KOSDAQ,15019941300
0044K0,삼성스팩10호,KOSDAQ,15002400000
0115H0,삼성스팩13호,KOSDAQ,14655900000
473050,유안타제15호스팩,KOSDAQ,14580800000
008470,부스타,KOSDAQ,14540304000
377220,프롬바이오,KOSDAQ,14523030000
115530,씨엔플러스,KOSDAQ,14499376659
028080,휴맥스홀딩스,KOSDAQ,14384742000
148780,비큐AI,KOSDAQ,14370696325
900300,오가닉티코스메틱,KOSDAQ,14346498868
208640,썸에이지,KOSDAQ,14202505500
044380,주연테크,KOSPI,14134362336
478440,미래에셋비전스팩6호,KOSDAQ,14102550000
0165X0,메리츠제2호스팩,KOSDAQ,14089040000
479880,한국제15호스팩,KOSDAQ,14049150000
060480,국일신동,KOSDAQ,14039940000
417180,핑거스토리,KOSDAQ,14038896000
0099W0,미래에셋비전스팩11호,KOSDAQ,14000000000
000087,하이트진로2우B,KOSPI,13900697400
083470,이엠앤아이,KOSDAQ,13892554179
177350,베셀,KOSDAQ,13783032890
900110,딥커머스,KOSDAQ,13778862301
418620,E8,KOSDAQ,13696829130
019685,대교우B,KOSPI,13637746980
352770,셀레스트라,KOSDAQ,13610136750
244460,올리패스,KOSDAQ,13415218661
489480,키움제11호스팩,KOSDAQ,13398000000
389680,유디엠텍,KOSDAQ,13338070879
0134X0,대신밸런스제20호스팩,KOSDAQ,13331720000
002680,한탑,KOSDAQ,13314519540
001795,대한제당우,KOSPI,13289658000
00806K,대덕1우,KOSPI,13251062010
009620,삼보산업,KOSDAQ,13227097336
481890,엔에이치스팩31호,KOSDAQ,13197600000
035620,바른손이앤에이,KOSDAQ,13175821944
191410,육일씨엔에쓰,KOSDAQ,13153795370
0164H0,한국제16호스팩,KOSDAQ,13149000000
005257,녹십자홀딩스2우,KOSPI,13129764800
0096B0,삼성스팩12호,KOSDAQ,13094200000
900120,씨엑스아이,KOSDAQ,13046162880
0099X0,IBKS제25호스팩,KOSDAQ,13036400000
092600,앤씨앤,KOSDAQ,13018344285
0097F0,미래에셋비전스팩10호,KOSDAQ,12961000000
489730,디비금융제13호스팩,KOSDAQ,12853960000
123840,뉴온,KOSDAQ,12794514300
0093G0,미래에셋비전스팩8호,KOSDAQ,12723200000
471050,대신밸런스제17호스팩,KOSDAQ,12695700000
478390,KB제29호스팩,KOSDAQ,12688800000
054180,메디콕스,KOSDAQ,12686716395
0037T0,KB제32호스팩,KOSDAQ,12615690000
145995,삼양사우,KOSPI,12563876500
0054V0,엔에이치스팩32호,KOSDAQ,12495165000
492220,KB제31호스팩,KOSDAQ,12482100000
226340,본느,KOSDAQ,12459868740
0131D0,키움히어로제2호스팩,KOSDAQ,12437010000
482520,교보16호스팩,KOSDAQ,12383000000
247660,나노씨엠에스,KOSDAQ,12358452400
101000,KS인더스트리,KOSDAQ,12328645828
065570,삼영이엔씨,KOSDAQ,12295692232
0088D0,메리츠제1호스팩,KOSDAQ,12256425000
289010,아이스크림에듀,KOSDAQ,12229989512
0091W0,신영스팩11호,KOSDAQ,12129932000
0041L0,하나35호스팩,KOSDAQ,12090150000
477760,DB금융스팩12호,KOSDAQ,12030400000
0132G0,교보20호스팩,KOSDAQ,11898210000
45226K,한화갤러리아우,KOSPI,11835715250
009730,이렘,KOSDAQ,11803744440
050090,비케이홀딩스,KOSDAQ,11767367500
250930,예선테크,KOSDAQ,11734956464
469900,하나31호스팩,KOSDAQ,11669610000
482690,대신밸런스제19호스팩,KOSDAQ,11623050000
0071M0,삼성스팩11호,KOSDAQ,11462400000
084180,수성웹툰,KOSDAQ,11441021139
308100,형지글로벌,KOSDAQ,11434951808
474660,신한제12호스팩,KOSDAQ,11398800000
477470,미래에셋비전스팩5호,KOSDAQ,11398400000
474490,유안타제16호스팩,KOSDAQ,11350600000
0105P0,유진스팩12호,KOSDAQ,11348300000
487360,신한제14호스팩,KOSDAQ,11336400000
496070,신한제16호스팩,KOSDAQ,11268100000
0129K0,신한제18호스팩,KOSDAQ,11172560000
900100,파이온엑스,KOSDAQ,11026944500
0096D0,미래에셋비전스팩9호,KOSDAQ,10978000000
0098T0,교보19호스팩,KOSDAQ,10827000000
493790,유안타제17호스팩,KOSDAQ,10752750000
486630,KB제30호스팩,KOSDAQ,10752750000
900270,헝셩그룹,KOSDAQ,10735805220
0004Y0,디비금융제14호스팩,KOSDAQ,10656575000
042040,케이피엠테크,KOSDAQ,10625024800
00781K,코리아써키트2우B,KOSPI,10619121450
0130D0,신한제17호스팩,KOSDAQ,10589220000
38380K,LX홀딩스1우,KOSPI,10550052000
079190,케스피온,KOSDAQ,10547765800
489210,교보17호스팩,KOSDAQ,10489500000
004255,NPC우,KOSPI,10480800000
008290,원풍물산,KOSDAQ,10478622085
043100,알파AI,KOSDAQ,10457241600
084695,대상홀딩스우,KOSPI,10450234080
0041B0,교보18호스팩,KOSDAQ,10231200000
478110,이베스트스팩6호,KOSDAQ,10190600000
466690,키움히어로제1호스팩,KOSDAQ,10190000000
498390,한화플러스제5호스팩,KOSDAQ,10044000000
004105,태양금속우,KOSPI,9999000000
291810,핀텔,KOSDAQ,9856673304
472220,신영스팩10호,KOSDAQ,9802100000
073190,듀오백,KOSDAQ,9682144360
488060,유진스팩11호,KOSDAQ,9581600000
106080,케이이엠텍,KOSDAQ,9506998050
145210,다이나믹디자인,KOSPI,9461013632
001755,한양증권우,KOSPI,9386469500
025870,신라에스지,KOSDAQ,9320000000
312610,에이에프더블류,KOSDAQ,9237140928
484130,하나34호스팩,KOSDAQ,9198200000
011080,형지I&C,KOSDAQ,9129556750
003075,코오롱글로벌우,KOSPI,9125879840
199730,바이오인프라,KOSDAQ,9096366290
469480,IBKS제24호스팩,KOSDAQ,9009900000
473950,에스케이증권제13호스팩,KOSDAQ,8994700000
467930,IBKS제23호스팩,KOSDAQ,8946450000
465320,교보15호스팩,KOSDAQ,8896350000
468760,유진스팩10호,KOSDAQ,8819200000
487830,신한제15호스팩,KOSDAQ,8787000000
001067,JW중외제약2우B,KOSPI,8755874100
472230,에스케이증권제11호스팩,KOSDAQ,8650710000
069920,엑시온그룹,KOSDAQ,8636468009
0068Y0,비엔케이제3호스팩,KOSDAQ,8576900000
487720,키움제10호스팩,KOSDAQ,8523450000
000225,유유제약1우,KOSPI,8500987500
03481K,해성산업1우,KOSDAQ,8457561420
225430,케이엠제약,KOSDAQ,8433043920
035290,골드앤에스,KOSDAQ,8343384000
0041J0,엘에스스팩1호,KOSDAQ,8199450000
001515,SK증권우,KOSPI,8059778840
087260,모바일어플라이언스,KOSDAQ,8040556667
33637L,솔루스첨단소재2우B,KOSPI,7821072720
012205,계양전기우,KOSPI,7786066140
079970,투비소프트,KOSDAQ,7646223464
475250,하나33호스팩,KOSDAQ,7622000000
474930,신한제13호스팩,KOSDAQ,7583900000
121850,코이즈,KOSDAQ,7413560534
001770,SHD,KOSPI,7398607020
001065,JW중외제약우,KOSPI,7112580800
276040,스코넥,KOSDAQ,7073119545
473000,에스케이증권제12호스팩,KOSDAQ,6785500000
475240,하나32호스팩,KOSDAQ,6688000000
002995,금호건설우,KOSPI,6517531800
004985,성신양회우,KOSPI,6304477650
000325,노루홀딩스우,KOSPI,5796704200
004835,덕성우,KOSPI,5707200000
26490K,크라운제과우,KOSPI,5623781200
044180,KD,KOSDAQ,5477148795
313760,캐리,KOSDAQ,5244963048
090355,노루페인트우,KOSPI,4779460320
043090,더테크놀로지,KOSDAQ,4718944500
052770,아이톡시,KOSDAQ,4545457488
009415,태영건설우,KOSPI,4380824760
000145,하이트진로홀딩스우,KOSPI,4369116800
000545,흥국화재우,KOSPI,4124160000
005965,동부건설우,KOSPI,3663630360
014825,동원시스템즈우,KOSPI,3528522960
007575,일양약품우,KOSPI,3244633200
014285,금강공업우,KOSPI,3226616250
005745,크라운해태홀딩스우,KOSPI,3063702600
36328K,티와이홀딩스우,KOSPI,2966746225
014915,성문전자우,KOSPI,2802000000
000227,유유제약2우B,KOSPI,2418970400
001525,동양우,KOSPI,2156069150
008355,남선알미우,KOSPI,2145993300
021045,대호특수강우,KOSDAQ,2015168500
004545,깨끗한나라우,KOSPI,1752075600
001527,동양2우B,KOSPI,1676495750
002785,진흥기업우B,KOSPI,1260110460
004415,서울식품우,KOSPI,1132270500
011155,CJ씨푸드1우,KOSPI,1044000000
002787,진흥기업2우B,KOSPI,860839360
032685,소프트센우,KOSDAQ,495965900
060240,스타코링크,KOSDAQ,98958020
