Code,Name,Market,Marcap
005930,삼성전자,KOSPI,1569725806248000
000660,SK하이닉스,KOSPI,1297354440240000
005935,삼성전자우,KOSPI,156622858825600
402340,SK스퀘어,KOSPI,150261433722000
009150,삼성전기,KOSPI,113011562048000
373220,LG에너지솔루션,KOSPI,83538000000000
005380,현대차,KOSPI,70195939740000
207940,삼성바이오로직스,KOSPI,64390712841000
105560,KB금융,KOSPI,59871289499200
032830,삼성생명,KOSPI,56400000000000
028260,삼성물산,KOSPI,55380228911500
034020,두산에너빌리티,KOSPI,52269789513600
012450,한화에어로스페이스,KOSPI,51924344807000
055550,신한지주,KOSPI,49808670357900
329180,HD현대중공업,KOSPI,45500691037500
000270,기아,KOSPI,44038586174400
034730,SK,KOSPI,42631589364000
006400,삼성SDI,KOSPI,41501547950000
068270,셀트리온,KOSPI,41336072175200
086790,하나금융지주,KOSPI,35226088300000
066570,LG전자,KOSPI,34612985575000
012330,현대모비스,KOSPI,32964154695000
010120,LS ELECTRIC,KOSPI,30750000000000
035420,NAVER,KOSPI,29460679275300
000810,삼성화재,KOSPI,28261850409000
298040,효성중공업,KOSPI,25856971604000
316140,우리금융지주,KOSPI,25713850839300
096770,SK이노베이션,KOSPI,25155054854400
042700,한미반도체,KOSPI,24447579300000
005490,POSCO홀딩스,KOSPI,24247907262000
042660,한화오션,KOSPI,24145375447200
267260,HD현대일렉트릭,KOSPI,23863203370000
009540,HD한국조선해양,KOSPI,22895103026000
010130,고려아연,KOSPI,22334076830000
000150,두산,KOSPI,22153166280000
138040,메리츠금융지주,KOSPI,21135960579900
011200,HMM,KOSPI,19666511674500
015760,한국전력,KOSPI,19226824106150
017670,SK텔레콤,KOSPI,18386028536800
033780,KT&G,KOSPI,18291402347200
010950,S-Oil,KOSPI,18204637466400
051910,LG화학,KOSPI,17718678093000
010140,삼성중공업,KOSPI,17336000000000
018260,삼성에스디에스,KOSPI,16945738200000
006800,미래에셋증권,KOSPI,16806501528450
003550,LG,KOSPI,16752074043200
024110,기업은행,KOSPI,16108002553800
267250,HD현대,KOSPI,15996099712500
003670,포스코퓨처엠,KOSPI,15903584136000
079550,LIG디펜스앤에어로스페이스,KOSPI,15004000000000
035720,카카오,KOSPI,14862646745650
086280,현대글로비스,KOSPI,14760000000000
272210,한화시스템,KOSPI,14168954175000
278470,에이피알,KOSPI,13702364730000
011070,LG이노텍,KOSPI,13348248348000
030200,KT,KOSPI,13180734125500
000720,현대건설,KOSPI,13084302387500
047810,한국항공우주,KOSPI,12301358503400
064350,현대로템,KOSPI,12180279898800
005830,DB손해보험,KOSPI,12117564565000
003490,대한항공,KOSPI,11783059488000
443060,HD현대마린솔루션,KOSPI,10670363480000
307950,현대오토에버,KOSPI,10133161349000
047050,포스코인터내셔널,KOSPI,10010006637200
078930,GS,KOSPI,9958397064000
071050,한국금융지주,KOSPI,9863500584000
006260,LS,KOSPI,9625200000000
005940,NH투자증권,KOSPI,9599358730000
323410,카카오뱅크,KOSPI,9489925491930
000500,가온전선,KOSPI,9379946205000
028050,삼성E&A,KOSPI,9349200000000
003230,삼양식품,KOSPI,9137547195000
259960,크래프톤,KOSPI,8949065041200
180640,한진칼,KOSPI,8839325210000
0126Z0,삼성에피스홀딩스,KOSPI,8609534954000
007660,이수페타시스,KOSPI,8449401106900
277810,레인보우로보틱스,KOSDAQ,8109140644000
090430,아모레퍼시픽,KOSPI,8095397845600
016360,삼성증권,KOSPI,7894120000000
009830,한화솔루션,KOSPI,7623856970400
161390,한국타이어앤테크놀로지,KOSPI,7308629071000
047040,대우건설,KOSPI,7289501498120
021240,코웨이,KOSPI,7034282144400
352820,하이브,KOSPI,6750530517600
000880,한화,KOSPI,6692776573500
064400,LG씨엔에스,KOSPI,6665753222400
039490,키움증권,KOSPI,6596421474000
353200,대덕전자,KOSPI,6547742562500
062040,산일전기,KOSPI,6511605625000
039030,이오테크닉스,KOSDAQ,6406166000000
128940,한미약품,KOSPI,6392684509000
032640,LG유플러스,KOSPI,6166934945960
005387,현대차2우B,KOSPI,5994983225000
000990,DB하이텍,KOSPI,5942726720800
267270,HD건설기계,KOSPI,5865927171000
326030,SK바이오팜,KOSPI,5826505800000
001440,대한전선,KOSPI,5811180471400
028300,HLB,KOSDAQ,5514406432200
175330,JB금융지주,KOSPI,5427785078400
377300,카카오페이,KOSPI,5391729786700
000100,유한양행,KOSPI,5359228856800
241560,두산밥캣,KOSPI,5233741149000
011790,SKC,KOSPI,4925110991400
029780,삼성카드,KOSPI,4889245200200
138930,BNK금융지주,KOSPI,4884888835920
088980,맥쿼리인프라,KOSPI,4688646311470
052690,한전기술,KOSPI,4685772000000
088350,한화생명,KOSPI,4629264900000
066970,엘앤에프,KOSPI,4560921226400
095340,ISC,KOSDAQ,4525571883000
036570,NC,KOSPI,4502700598000
454910,두산로보틱스,KOSPI,4446650628000
319660,피에스케이,KOSDAQ,4301557029000
271560,오리온,KOSPI,4225627437200
108490,로보티즈,KOSDAQ,4194770008000
010060,OCI홀딩스,KOSPI,4172796852000
034220,LG디스플레이,KOSPI,4165000000000
440110,파두,KOSDAQ,4094070905900
082740,한화엔진,KOSPI,4088909958000
001450,현대해상,KOSPI,4079128762500
000250,삼천당제약,KOSDAQ,4053451161600
002380,KCC,KOSPI,4042957568000
051900,LG생활건강,KOSPI,4028415687000
004020,현대제철,KOSPI,4003373550000
005385,현대차우,KOSPI,3971708534300
103590,일진전기,KOSPI,3934044675000
001040,CJ,KOSPI,3915553131600
031980,피에스케이홀딩스,KOSDAQ,3851043747000
084370,유진테크,KOSDAQ,3840728639200
018880,한온시스템,KOSPI,3612404723840
008930,한미사이언스,KOSPI,3611073840000
161890,한국콜마,KOSPI,3446341242000
036460,한국가스공사,KOSPI,3212492400000
131290,티에스이,KOSDAQ,3196752981000
004170,신세계,KOSPI,3178303406500
067310,하나마이크론,KOSDAQ,3148342647150
012750,에스원,KOSPI,3138732102800
028670,팬오션,KOSPI,3084466084240
087010,펩트론,KOSDAQ,3068563260000
035250,강원랜드,KOSPI,3050791530000
111770,영원무역,KOSPI,3048628998400
192820,코스맥스,KOSPI,3030318903000
022100,포스코DX,KOSPI,3027011454390
375500,DL이앤씨,KOSPI,3010363869400
336260,두산퓨얼셀,KOSPI,2983239219300
031210,서울보증보험,KOSPI,2942980355700
006360,GS건설,KOSPI,2905491585500
011780,금호석유화학,KOSPI,2900639572500
139130,iM금융지주,KOSPI,2893299464160
023530,롯데쇼핑,KOSPI,2868479757000
251270,넷마블,KOSPI,2860649820000
017800,현대엘리베이터,KOSPI,2853744105000
007340,DN오토모티브,KOSPI,2849479125500
302440,SK바이오사이언스,KOSPI,2832281563300
014680,한솔케미칼,KOSPI,2790258306000
080220,제주반도체,KOSDAQ,2696873823900
097950,CJ제일제당,KOSPI,2694699294000
383220,F&F,KOSPI,2627865345000
004800,효성,KOSPI,2618199654800
010170,대한광통신,KOSDAQ,2593500808800
003690,코리안리,KOSPI,2578359842290
085620,미래에셋생명,KOSPI,2576530800000
011170,롯데케미칼,KOSPI,2566525140000
489790,한화비전,KOSPI,2544614856000
026960,동서,KOSPI,2527395000000
257720,실리콘투,KOSDAQ,2501734013800
310210,보로노이,KOSDAQ,2490896129400
450080,에코프로머티,KOSPI,2464322676000
004370,농심,KOSPI,2454346047000
178320,서진시스템,KOSDAQ,2446981977600
005290,동진쎄미켐,KOSDAQ,2428726503900
457190,이수스페셜티케미컬,KOSPI,2408444098400
004990,롯데지주,KOSPI,2396913812800
000240,한국앤컴퍼니,KOSPI,2382874524000
005440,현대지에프홀딩스,KOSPI,2349318119190
483650,달바글로벌,KOSPI,2337568989000
009420,한올바이오파마,KOSPI,2303812135800
001720,신영증권,KOSPI,2303244000000
005850,에스엘,KOSPI,2289912036000
319400,현대무벡스,KOSDAQ,2266502393650
145020,휴젤,KOSDAQ,2248976588100
282330,BGF리테일,KOSPI,2246907780000
140410,메지온,KOSDAQ,2232320034600
018670,SK가스,KOSPI,2219983938000
020150,롯데에너지머티리얼즈,KOSPI,2199349446000
214370,케어젠,KOSDAQ,2194257750000
279570,케이뱅크,KOSPI,2186696863890
103140,풍산,KOSPI,2174683972800
030000,제일기획,KOSPI,2155872556500
112610,씨에스윈드,KOSPI,2146524412700
058610,에스피지,KOSDAQ,2144550712000
204320,HL만도,KOSPI,2143592528000
032820,우리기술,KOSDAQ,2125250727600
098460,고영,KOSDAQ,2110920392350
009970,영원무역홀딩스,KOSPI,2103699880800
263750,펄어비스,KOSDAQ,2080133421000
030530,원익홀딩스,KOSDAQ,2039082698400
043260,성호전자,KOSDAQ,1995701379600
081660,미스토홀딩스,KOSPI,1990944000000
002790,아모레퍼시픽홀딩스,KOSPI,1976443953000
139480,이마트,KOSPI,1973101058500
051600,한전KPS,KOSPI,1966500000000
069960,현대백화점,KOSPI,1932216115200
347850,디앤디파마텍,KOSDAQ,1924940509650
089030,테크윙,KOSDAQ,1923084175500
073240,금호타이어,KOSPI,1916026114290
229640,LS에코에너지,KOSPI,1898742498000
007070,GS리테일,KOSPI,1876986466750
000155,두산우,KOSPI,1862351292000
083650,비에이치아이,KOSDAQ,1856662500000
089860,롯데렌탈,KOSPI,1837255032800
462870,시프트업,KOSPI,1803376023000
007810,코리아써키트,KOSPI,1781908666000
323280,태성,KOSDAQ,1780364234000
181710,NHN,KOSPI,1778093075000
036540,SFA반도체,KOSDAQ,1772882066340
020560,아시아나항공,KOSPI,1755040857720
183300,코미코,KOSDAQ,1748919513750
281820,케이씨텍,KOSPI,1740302301900
439260,대한조선,KOSPI,1712088413500
068760,셀트리온제약,KOSDAQ,1691728849200
060370,LS마린솔루션,KOSDAQ,1682091098800
475150,SK이터닉스,KOSPI,1681206647400
001120,LX인터내셔널,KOSPI,1678308000000
089970,브이엠,KOSDAQ,1658586195000
120110,코오롱인더,KOSPI,1650026363200
071970,HD현대마린엔진,KOSPI,1648584657000
023590,다우기술,KOSPI,1623274200000
001430,세아베스틸지주,KOSPI,1612002249050
420770,기가비스,KOSDAQ,1611088841800
093370,후성,KOSPI,1608829950000
000120,CJ대한통운,KOSPI,1596864080000
395400,SK리츠,KOSPI,1574322152600
437730,삼현,KOSDAQ,1567939188150
006040,동원산업,KOSPI,1558170910700
007390,네이처셀,KOSDAQ,1556106602400
218410,RFHIC,KOSDAQ,1554663357000
001820,삼화콘덴서,KOSPI,1550934000000
008770,호텔신라,KOSPI,1544413561350
009155,삼성전기우,KOSPI,1529073584000
294870,IPARK현대산업개발,KOSPI,1529050056000
012630,HDC,KOSPI,1502504283150
078600,대주전자재료,KOSDAQ,1482470627200
0009K0,에임드바이오,KOSDAQ,1455826723350
006280,녹십자,KOSPI,1437444174000
322000,HD현대에너지솔루션,KOSPI,1436960000000
005070,코스모신소재,KOSPI,1436530195750
361610,SK아이이테크놀로지,KOSPI,1419006185000
011210,현대위아,KOSPI,1416863824300
290650,엘앤씨바이오,KOSDAQ,1397030667200
001800,오리온홀딩스,KOSPI,1395634326400
039200,오스코텍,KOSDAQ,1363903974400
097230,HJ중공업,KOSPI,1322826789600
950160,코오롱티슈진,KOSDAQ,1305141657600
00680K,미래에셋증권2우B,KOSPI,1303256576000
204270,제이앤티씨,KOSDAQ,1287128368500
950260,인제니아테라퓨틱스(Reg.S),KOSDAQ,1285559782000
007310,오뚜기,KOSPI,1262466450000
066575,LG전자우,KOSPI,1247362307400
001740,SK네트웍스,KOSPI,1245688050690
069620,대웅제약,KOSPI,1231652922500
415640,KB발해인프라,KOSPI,1229131846440
192080,더블유게임즈,KOSPI,1228061144000
298020,효성티앤씨,KOSPI,1207423278000
003540,대신증권,KOSPI,1205952987800
232140,와이씨,KOSDAQ,1198682563500
000815,삼성화재우,KOSPI,1193786940000
300720,한일시멘트,KOSPI,1190696933710
252990,샘씨엔에스,KOSDAQ,1188701128860
166090,하나머티리얼즈,KOSDAQ,1186660440000
330590,롯데리츠,KOSPI,1178993046720
006120,SK디스커버리,KOSPI,1142342065600
347700,스피어,KOSDAQ,1139285100200
127120,제이에스링크,KOSDAQ,1132486960500
280360,롯데웰푸드,KOSPI,1129401229800
030610,교보증권,KOSPI,1122535165850
004000,롯데정밀화학,KOSPI,1114560000000
356860,티엘비,KOSDAQ,1081962519000
195870,해성디에스,KOSPI,1052300000000
003160,디아이,KOSPI,1038610000000
000210,DL,KOSPI,1038364052200
000080,하이트진로,KOSPI,1036574770580
017960,한국카본,KOSPI,1036113544300
003570,SNT다이내믹스,KOSPI,1027508337300
006340,대원전선,KOSPI,1018603263840
003240,태광산업,KOSPI,1013194000000
445680,큐리옥스바이오시스템즈,KOSDAQ,988697722600
458870,씨어스,KOSDAQ,983558535300
451800,한화리츠,KOSPI,960860000000
192400,쿠쿠홀딩스,KOSPI,958400885750
003530,한화투자증권,KOSPI,954737598750
417200,LS머트리얼즈,KOSDAQ,941048486690
119850,지엔씨에너지,KOSDAQ,940877594800
083450,GST,KOSDAQ,939930000000
030190,NICE평가정보,KOSPI,928221044130
161580,필옵틱스,KOSDAQ,924796644150
006110,삼아알미늄,KOSPI,924043100500
032350,롯데관광개발,KOSPI,920829039900
009240,한샘,KOSPI,918999888400
071320,지역난방공사,KOSPI,911247152800
100790,미래에셋벤처투자,KOSDAQ,900925002880
009450,경동나비엔,KOSPI,888684112000
285130,SK케미칼,KOSPI,887426695800
185750,종근당,KOSPI,886138476000
327260,RF머트리얼즈,KOSDAQ,885879844000
077970,STX엔진,KOSPI,883257386000
005300,롯데칠성,KOSPI,878710314800
003090,대웅,KOSPI,876199638600
160190,하이젠알앤엠,KOSDAQ,869497200000
051915,LG화학우,KOSPI,868065520000
034230,파라다이스,KOSPI,864232134060
388210,씨엠티엑스,KOSDAQ,855383206800
000370,한화손해보험,KOSPI,852194079500
065350,신성델타테크,KOSDAQ,841008808800
003470,유안타증권,KOSPI,839121844210
053800,안랩,KOSDAQ,838938552400
079160,CJ CGV,KOSPI,837848952820
031330,에스에이엠티,KOSDAQ,832958908110
071055,한국금융지주우,KOSPI,831285816900
115180,큐리언트,KOSDAQ,825751322000
099320,쎄트렉아이,KOSDAQ,825726361200
004490,세방전지,KOSPI,823284000000
328130,루닛,KOSDAQ,810849580200
074600,원익QnC,KOSDAQ,803098400000
032500,케이엠더블유,KOSDAQ,793203978800
388720,유일로보틱스,KOSDAQ,789350115000
425420,티에프이,KOSDAQ,788984865900
059090,미코,KOSDAQ,775269249600
491000,리브스메드,KOSDAQ,774074056150
100840,SNT에너지,KOSPI,768291088450
365550,ESR켄달스퀘어리츠,KOSPI,762875900000
499790,GS피앤엘,KOSPI,761504294400
085660,차바이오텍,KOSDAQ,761447608740
000670,영풍,KOSPI,759440673750
044490,태웅,KOSDAQ,759280108950
005180,빙그레,KOSPI,757742345700
281740,레이크머티리얼즈,KOSDAQ,755901302000
036530,SNT홀딩스,KOSPI,754869921800
295310,에이치브이엠,KOSDAQ,743126347600
137310,에스디바이오센서,KOSPI,740191995260
033790,피노,KOSDAQ,739065137690
090360,로보스타,KOSDAQ,734175000000
041960,코미팜,KOSDAQ,732750733820
094800,맵스리얼티,KOSPI,731534528280
053610,프로텍,KOSDAQ,730800000000
100090,SK오션플랜트,KOSPI,729744546720
005690,파미셀,KOSPI,729648810240
214320,이노션,KOSPI,728400000000
122640,예스티,KOSDAQ,727484520000
032190,다우데이타,KOSDAQ,726934000000
298050,HS효성첨단소재,KOSPI,726199570800
090710,휴림로봇,KOSDAQ,724527715740
213420,덕산네오룩스,KOSDAQ,720104191000
003850,보령,KOSPI,717181050520
189300,인텔리안테크,KOSDAQ,711896051100
041830,인바디,KOSDAQ,709094393200
171090,선익시스템,KOSDAQ,705895532200
064960,SNT모티브,KOSPI,700663180800
064290,인텍플러스,KOSDAQ,697117696400
476060,온코닉테라퓨틱스,KOSDAQ,697010344000
005090,SGC에너지,KOSPI,691647984000
090460,비에이치,KOSPI,689400952100
466100,클로봇,KOSDAQ,688720692750
121600,나노신소재,KOSDAQ,683004038700
225570,넥슨게임즈,KOSDAQ,681652800900
002960,한국쉘석유,KOSPI,681200000000
456040,OCI,KOSPI,676808622000
033640,네패스,KOSDAQ,676787578700
293940,신한알파리츠,KOSPI,676055287570
036810,에프에스티,KOSDAQ,675473416800
476830,알지노믹스,KOSDAQ,674733235800
102710,이엔에프테크놀로지,KOSDAQ,673671467400
124500,아이티센글로벌,KOSDAQ,665969924900
048410,현대바이오,KOSDAQ,665888446800
126340,비나텍,KOSDAQ,664188295000
005880,대한해운,KOSPI,661632047000
268280,미원에스씨,KOSPI,645500000000
069260,TKG휴켐스,KOSPI,643837761000
248070,솔루엠,KOSPI,641215724760
093050,LF,KOSPI,640356000000
092870,엑시콘,KOSDAQ,639489053000
001570,금양,KOSPI,633275240400
017940,E1,KOSPI,630434000000
093320,케이아이엔엑스,KOSDAQ,625616000000
000400,롯데손해보험,KOSPI,625327684800
001680,대상,KOSPI,622625009250
453340,현대그린푸드,KOSPI,622155606920
490470,세미파이브,KOSDAQ,621644788800
001060,JW중외제약,KOSPI,618241441500
000640,동아쏘시오홀딩스,KOSPI,617372725900
317450,명인제약,KOSPI,616850000000
002840,미원상사,KOSPI,615600000000
383800,LX홀딩스,KOSPI,614822361400
077360,덕산하이메탈,KOSDAQ,609764566840
014820,동원시스템즈,KOSPI,605917793800
108320,LX세미콘,KOSPI,595273380000
456160,지투지바이오,KOSDAQ,587850209100
253590,네오셈,KOSDAQ,587846797600
079900,전진건설로봇,KOSPI,583701800000
004710,한솔테크닉스,KOSPI,582948251830
219130,타이거일렉,KOSDAQ,579651822000
00088K,한화3우B,KOSPI,578258552200
050890,쏠리드,KOSDAQ,577794638340
468530,프로티나,KOSDAQ,576357181200
006650,대한유화,KOSPI,575250000000
045100,한양이엔지,KOSDAQ,567875000000
033240,자화전자,KOSPI,564983877300
452260,한화갤러리아,KOSPI,563162167050
016380,KG스틸,KOSPI,561049912170
144960,뉴파워프라즈마,KOSDAQ,561013292160
336370,솔루스첨단소재,KOSPI,559592015060
178920,PI첨단소재,KOSPI,559428434100
00104K,CJ4우(전환),KOSPI,557476932800
397030,에이프릴바이오,KOSDAQ,556687396400
025540,한국단자,KOSPI,556325000000
094170,동운아나텍,KOSDAQ,556204297600
017900,광전자,KOSPI,553942374280
075580,세진중공업,KOSPI,551439723200
002350,넥센타이어,KOSPI,550846826280
089890,코세스,KOSDAQ,546474497900
003300,한일홀딩스,KOSPI,544483301040
114090,GKL,KOSPI,543092782600
399720,가온칩스,KOSDAQ,540763286400
284740,쿠쿠홈시스,KOSPI,538495920000
079940,가비아,KOSDAQ,536156325800
060250,NHN KCP,KOSDAQ,532128095750
005810,풍산홀딩스,KOSPI,527672887200
001510,SK증권,KOSPI,525039842950
192650,드림텍,KOSPI,523800290550
001270,부국증권,KOSPI,523679243000
101160,월덱스,KOSDAQ,523398478100
007700,F&F홀딩스,KOSPI,523350230460
058650,세아홀딩스,KOSPI,523125444000
001530,DI동일,KOSPI,522033649200
080580,오킨스전자,KOSDAQ,519892040750
356680,엑스게이트,KOSDAQ,519491554400
024850,HLB이노베이션,KOSDAQ,514768672800
358570,지아이이노베이션,KOSDAQ,512902247700
009410,태영건설,KOSPI,510805566063
104830,원익머트리얼즈,KOSDAQ,508732800000
037460,삼지전자,KOSDAQ,504242329800
112040,위메이드,KOSDAQ,504134972550
003620,KG모빌리티,KOSPI,503913530880
161000,애경케미칼,KOSPI,501568189790
052020,에스티큐브,KOSDAQ,498997355940
214430,아이쓰리시스템,KOSDAQ,498352063000
187660,페니트리움바이오,KOSDAQ,492540148100
003545,대신증권우,KOSPI,487179013320
003030,세아제강지주,KOSPI,487058863200
078350,한양디지텍,KOSDAQ,487058004900
484870,엠앤씨솔루션,KOSPI,485797473000
086900,메디톡스,KOSDAQ,485350050500
029460,케이씨,KOSPI,483801486500
0220W0,한화머시너리앤서비스홀딩스,KOSPI,482583704850
475830,오름테라퓨틱,KOSDAQ,481827089400
001500,현대차증권,KOSPI,479824421440
067630,HLB생명과학,KOSDAQ,479134037940
377740,바이오노트,KOSPI,476317274400
033500,동성화인텍,KOSDAQ,475033584960
145990,삼양사,KOSPI,474418654000
034950,한국기업평가,KOSDAQ,473575610200
019170,신풍제약,KOSPI,473339253660
008060,대덕,KOSPI,473060921760
019210,와이지-원,KOSDAQ,472732282880
475960,토모큐브,KOSDAQ,471666090000
025980,아난티,KOSDAQ,469963781700
082270,젬백스,KOSDAQ,469359657840
460860,동국제강,KOSPI,468795760650
099190,아이센스,KOSDAQ,467558821530
348340,뉴로메카,KOSDAQ,466998058800
004690,삼천리,KOSPI,466766199900
039130,하나투어,KOSPI,465472456600
211050,인카금융서비스,KOSDAQ,465048922080
376900,로킷헬스케어,KOSDAQ,464916978500
098120,마이크로컨텍솔,KOSDAQ,463852342800
069540,빛과전자,KOSDAQ,463727156155
365340,성일하이텍,KOSDAQ,463221972750
383310,에코프로에이치엔,KOSDAQ,461448504000
002990,금호건설,KOSPI,458297680200
041190,우리기술투자,KOSDAQ,458052000000
015750,성우하이텍,KOSDAQ,457600000000
460930,현대힘스,KOSDAQ,455957015640
027360,아주IB투자,KOSDAQ,453083818440
035890,서희건설,KOSDAQ,452543008480
000070,삼양홀딩스,KOSPI,451817716200
448730,삼성FN리츠,KOSPI,451608000000
020000,한섬,KOSPI,451016874000
042000,카페24,KOSDAQ,450439288470
348370,엔켐,KOSDAQ,450270926700
005250,녹십자홀딩스,KOSPI,447238277100
002240,고려제강,KOSPI,446850000000
174900,앱클론,KOSDAQ,445930083150
340570,티앤엘,KOSDAQ,443535312000
056080,유진로봇,KOSDAQ,441619863300
249420,일동제약,KOSPI,441353615400
090435,아모레퍼시픽우,KOSPI,439733619500
376300,디어유,KOSDAQ,437973590700
016610,DB증권,KOSPI,437622270590
089010,켐트로닉스,KOSDAQ,436859203350
034310,NICE,KOSPI,435572310450
004700,조광피혁,KOSPI,435518539000
170920,엘티씨,KOSDAQ,435241991200
003280,흥아해운,KOSPI,435169067190
306200,세아제강,KOSPI,434521160000
336570,원텍,KOSDAQ,434350342790
010780,아이에스동서,KOSPI,434277399480
009900,명신산업,KOSPI,433403298580
278280,천보,KOSDAQ,432531782500
290550,디케이티,KOSDAQ,431026506500
013030,하이록코리아,KOSDAQ,428360441600
417840,저스템,KOSDAQ,426119866170
018290,브이티,KOSDAQ,424892750080
125490,한라캐스트,KOSDAQ,424887377280
486990,노타,KOSDAQ,423142265400
368770,파이버프로,KOSDAQ,422505333500
033160,엠케이전자,KOSDAQ,421519235280
005945,NH투자증권우,KOSPI,420822586400
114810,한솔아이원스,KOSDAQ,419333292600
072710,농심홀딩스,KOSPI,414618426000
030520,한컴,KOSDAQ,411297445440
241770,메카로,KOSDAQ,410763392000
332570,PS일렉트로닉스,KOSDAQ,410249584790
002030,아세아,KOSPI,408888007200
357120,코람코라이프인프라리츠,KOSPI,408808486800
200470,에이팩트,KOSDAQ,408435541920
403550,쏘카,KOSPI,407474977080
271940,일진하이솔루스,KOSPI,406344596100
204620,글로벌텍스프리,KOSDAQ,404129147500
014830,유니드,KOSPI,403348960000
002810,삼영무역,KOSPI,401656119000
079370,제우스,KOSDAQ,401359850600
005389,현대차3우B,KOSPI,400532235000
0035S0,빅웨이브로보틱스,KOSDAQ,399005467350
130660,한전산업,KOSPI,398046000000
003000,부광약품,KOSPI,396631977420
005420,코스모화학,KOSPI,395988830680
236200,슈프리마,KOSDAQ,395443433700
441270,파인엠텍,KOSDAQ,394166333000
001200,유진투자증권,KOSPI,392308992900
159010,아스플로,KOSDAQ,391374589650
078130,국일제지,KOSDAQ,390646133955
047920,HLB제약,KOSDAQ,386048420120
015360,INVENI,KOSPI,385875000000
095660,네오위즈,KOSDAQ,383614418070
092190,서울바이오시스,KOSDAQ,383000998050
215200,메가스터디교육,KOSDAQ,381439948800
092230,KPX홀딩스,KOSPI,381060068500
317400,자이에스앤디,KOSPI,380456521200
344820,KCC글라스,KOSPI,379299660000
477850,마키나락스,KOSDAQ,377288140000
012030,DB,KOSPI,375994080777
089590,제주항공,KOSPI,375786990100
200710,에이디테크놀로지,KOSDAQ,375589995300
486510,글로벌테크놀로지,KOSDAQ,375241350400
348210,넥스틴,KOSDAQ,374552928750
092790,넥스틸,KOSPI,374428800000
016590,신대양제지,KOSPI,373560791400
107640,한중엔시에스,KOSDAQ,373475775200
092730,네오팜,KOSDAQ,372650744250
101730,위메이드맥스,KOSDAQ,372086589840
029530,신도리코,KOSPI,371626634250
330860,네패스아크,KOSDAQ,371613372500
183190,아세아시멘트,KOSPI,369496853440
126560,현대퓨처넷,KOSPI,369099515200
002710,TCC스틸,KOSPI,367516031940
031430,신세계인터내셔날,KOSPI,364903980000
194370,제이에스코퍼레이션,KOSPI,364740648060
078020,LS증권,KOSDAQ,363401794500
011930,신성이엔지,KOSPI,361653101420
008730,율촌화학,KOSPI,360840000000
001940,KISCO홀딩스,KOSPI,360080052000
006220,제주은행,KOSPI,359464277070
003800,에이스침대,KOSDAQ,359316000000
950210,프레스티지바이오파마,KOSPI,358774045350
025900,동화기업,KOSDAQ,357945577800
039440,에스티아이,KOSDAQ,356662081000
027410,BGF,KOSPI,356066462520
078160,메디포스트,KOSDAQ,352841427000
006910,보성파워텍,KOSDAQ,352260838080
138080,오이솔루션,KOSDAQ,352147215100
093520,매커스,KOSDAQ,351104191500
036800,나이스정보통신,KOSDAQ,350805000000
005610,삼립,KOSPI,350769215850
010955,S-Oil우,KOSPI,350712034400
025320,시노펙스,KOSDAQ,350438861400
015860,일진홀딩스,KOSPI,350367129300
007690,국도화학,KOSPI,348670324800
386380,스카이랩스,KOSDAQ,346158475650
0120G0,삼양바이오팜,KOSPI,346139748500
060980,HL홀딩스,KOSPI,344371542150
052710,아모텍,KOSDAQ,343913528000
389470,인벤티지랩,KOSDAQ,343338866400
105630,한세실업,KOSPI,341600000000
003350,한국화장품제조,KOSPI,340579800000
393890,더블유씨피,KOSDAQ,339785165760
266690,덕산넵코어스,KOSDAQ,339712124220
104700,한국철강,KOSPI,339349500000
060280,큐렉소,KOSDAQ,336267288500
170900,동아에스티,KOSPI,335611894500
456010,아이씨티케이,KOSDAQ,334279167500
117730,티로보틱스,KOSDAQ,334084616830
036620,감성코퍼레이션,KOSDAQ,333840836960
121440,골프존홀딩스,KOSDAQ,332842075860
110990,디아이티,KOSDAQ,332073000000
097520,엠씨넥스,KOSPI,331672590000
006405,삼성SDI우,KOSPI,331668680000
372320,큐로셀,KOSDAQ,329667840800
02826K,삼성물산우B,KOSPI,328740160000
017810,풀무원,KOSPI,328599072040
064260,다날,KOSDAQ,328301283380
199800,툴젠,KOSDAQ,327963577050
000157,두산2우B,KOSPI,327744946000
215600,신라젠,KOSDAQ,327679178860
018000,유니슨,KOSDAQ,326941526240
011760,현대코퍼레이션,KOSPI,326755460200
217590,티엠씨,KOSPI,326717691000
017890,한국알콜,KOSDAQ,326227924680
046970,우리로,KOSDAQ,325181492580
455900,엔젤로보틱스,KOSDAQ,324791899100
446540,메가터치,KOSDAQ,323359714320
009160,SIMPAC,KOSPI,320644598040
452430,사피엔반도체,KOSDAQ,320310334800
009290,광동제약,KOSPI,319714767360
005720,넥센,KOSPI,316314741540
448900,한국피아이엠,KOSDAQ,315871764000
061970,LB세미콘,KOSDAQ,315023111970
001230,동국홀딩스,KOSPI,314903122875
024720,콜마홀딩스,KOSPI,314839657620
145720,덴티움,KOSPI,314772021500
096760,JW홀딩스,KOSPI,314550628210
036200,유니셈,KOSDAQ,314308285750
272450,진에어,KOSPI,312678000000
020120,키다리스튜디오,KOSPI,312076909720
425040,티이엠씨,KOSDAQ,311524380580
234340,헥토파이낸셜,KOSDAQ,310148563200
168360,펨트론,KOSDAQ,309689063310
002310,아세아제지,KOSPI,309678653500
381970,KG모빌리티플랫폼,KOSPI,308547759360
482630,삼양엔씨켐,KOSDAQ,308405865200
026890,스틱인베스트먼트,KOSPI,308228154150
010820,퍼스텍,KOSPI,306287770640
900290,GRT,KOSDAQ,306080560500
228760,지노믹트리,KOSDAQ,305768184600
424870,이뮨온시아,KOSDAQ,305283578460
206650,유바이오로직스,KOSDAQ,304676625030
126720,수산인더스트리,KOSPI,304291800000
488900,비츠로넥스텍,KOSDAQ,303093593780
025860,남해화학,KOSPI,301053788580
002020,코오롱,KOSPI,300748944000
108670,LX하우시스,KOSPI,297726644000
086390,유니테스트,KOSDAQ,296934470300
160980,싸이맥스,KOSDAQ,296046985300
042520,한스바이오메드,KOSDAQ,295923365250
018250,애경산업,KOSPI,295527172650
123890,한국자산신탁,KOSPI,294921161660
200880,서연이화,KOSPI,293799110190
005950,이수화학,KOSPI,292391159280
484590,삼양컴텍,KOSDAQ,290945777000
001750,한양증권,KOSPI,290253226060
071200,인피니트헬스케어,KOSDAQ,289098027300
025770,한국정보통신,KOSDAQ,288695329410
092460,한라IMS,KOSDAQ,288469204800
265520,AP시스템,KOSDAQ,288072713940
035810,이지홀딩스,KOSDAQ,287419604175
003120,일성아이에스,KOSPI,287280000000
054950,제이브이엠,KOSDAQ,285925945800
005430,한국공항,KOSPI,285288585500
448280,에코아이,KOSDAQ,285051460980
044450,KSS해운,KOSPI,284476815000
000430,대원강업,KOSPI,283340000000
101930,인화정공,KOSDAQ,282850013490
352480,씨앤씨인터내셔널,KOSDAQ,282820445750
034830,한국토지신탁,KOSPI,282535448370
084690,대상홀딩스,KOSPI,282457796400
136480,하림,KOSDAQ,281986758810
049070,인탑스,KOSDAQ,281944593000
033270,유나이티드제약,KOSPI,281620717500
012210,삼미금속,KOSDAQ,280998748010
001390,KG케미칼,KOSPI,280887380280
200670,휴메딕스,KOSDAQ,279625257000
058430,포스코스틸리온,KOSPI,278700000000
042370,비츠로테크,KOSDAQ,278506265750
244920,에이플러스에셋,KOSPI,277622470040
016800,퍼시스,KOSPI,277150000000
203650,드림시큐리티,KOSDAQ,276127674060
472850,폰드그룹,KOSDAQ,274616780040
389500,에스비비테크,KOSDAQ,274535046400
105840,우진,KOSPI,272466568300
122900,아이마켓코리아,KOSPI,272445046000
084110,휴온스글로벌,KOSDAQ,272185958000
024840,KBI메탈,KOSDAQ,270360802740
035600,KG이니시스,KOSDAQ,269206820180
004310,현대약품,KOSPI,268800000000
017390,서울가스,KOSPI,268785000000
389650,넥스트바이오메디컬,KOSDAQ,268597930700
091580,상신이디피,KOSDAQ,268563612850
004430,송원산업,KOSPI,268560000000
309710,아이티켐,KOSDAQ,268443021000
098070,한텍,KOSDAQ,268019498100
084010,대한제강,KOSPI,267754732840
314130,지놈앤컴퍼니,KOSDAQ,266727067500
378340,필에너지,KOSDAQ,266436187420
094360,칩스앤미디어,KOSDAQ,266086714040
078520,에이블씨엔씨,KOSPI,265860486900
182400,엔케이젠바이오텍코리아,KOSDAQ,265496721770
002900,TYM,KOSPI,264960000000
394280,오픈엣지테크놀로지,KOSDAQ,264255695900
484120,도우인시스,KOSDAQ,264073870200
091810,트리니티항공,KOSPI,263944245235
294570,쿠콘,KOSDAQ,263394205200
099440,스맥,KOSDAQ,262737066900
032580,피델릭스,KOSDAQ,262405946880
010580,에스엠벡셀,KOSPI,261997894800
286940,롯데이노베이트,KOSPI,261435461760
051500,CJ프레시웨이,KOSDAQ,260581312700
287840,인투셀,KOSDAQ,260480786400
043150,바텍,KOSDAQ,260246565120
304360,에스바이오메딕스,KOSDAQ,260231518800
068930,디지털대성,KOSDAQ,259871461380
354320,알멕,KOSDAQ,259809637650
037710,광주신세계,KOSPI,259705206600
060720,KH바텍,KOSDAQ,259504764320
091700,파트론,KOSDAQ,258000000000
452280,한선엔지니어링,KOSDAQ,257533824600
089980,상아프론테크,KOSDAQ,256943824590
010690,화신,KOSPI,256665013500
121800,비덴트,KOSDAQ,256309348520
036890,진성티이씨,KOSDAQ,254917448110
267980,매일유업,KOSDAQ,254432781600
377450,리파인,KOSDAQ,254404400000
004360,세방,KOSPI,254046363870
334890,이지스밸류플러스리츠,KOSPI,253487692950
317330,덕산테코피아,KOSDAQ,253295344080
377460,큐에이드,KOSDAQ,253187202960
003960,사조대림,KOSPI,252939289200
112290,와이씨켐,KOSDAQ,250134883300
005680,삼영전자,KOSPI,250000000000
005500,삼진제약,KOSPI,249750000000
023410,유진기업,KOSDAQ,249327533175
067390,아스트,KOSDAQ,248904123870
254490,미래반도체,KOSDAQ,248477980000
151860,KG에코솔루션,KOSDAQ,248011640420
0011T0,채비,KOSDAQ,246015856840
298690,에어부산,KOSPI,245838541848
272110,케이엔제이,KOSDAQ,245577087000
432320,KB스타리츠,KOSPI,245142727410
003200,일신방직,KOSPI,244524000000
493280,아이엠바이오로직스,KOSDAQ,244512977670
073490,LIG아큐버,KOSDAQ,244463648900
439960,코스모로보틱스,KOSDAQ,244028707520
461300,아이스크림미디어,KOSDAQ,242544241270
439090,마녀공장,KOSDAQ,241964517600
036030,케이티알파,KOSDAQ,241909460835
001790,대한제당,KOSPI,241477362000
115450,HLB테라퓨틱스,KOSDAQ,241442399700
100120,뷰웍스,KOSDAQ,240882385350
404990,신한서부티엔디리츠,KOSPI,240348654000
445090,에이직랜드,KOSDAQ,239818193100
003920,남양유업,KOSPI,238568446350
011560,세보엠이씨,KOSDAQ,238507222800
025000,KPX케미칼,KOSPI,238437262500
036710,심텍홀딩스,KOSDAQ,238253170540
064820,케이프,KOSDAQ,238240859800
002320,한진,KOSPI,238210755600
136490,선진,KOSPI,237082651880
376270,HEM파마,KOSDAQ,236788021600
007160,사조산업,KOSPI,236750000000
044820,코스맥스비티아이,KOSPI,236256456600
005010,휴스틸,KOSPI,235989915000
043370,피에이치에이,KOSDAQ,235830000000
108860,셀바스AI,KOSDAQ,235773560400
001250,GS글로벌,KOSPI,234808558580
348950,제이알글로벌리츠,KOSPI,233298432000
450950,아스테라시스,KOSDAQ,233291070400
216080,제테마,KOSDAQ,232671497760
900140,엘브이엠씨홀딩스,KOSPI,232468239696
389260,대명에너지,KOSDAQ,232195572000
030210,다올투자증권,KOSPI,232071313860
003070,코오롱글로벌,KOSPI,231358026900
000680,LS네트웍스,KOSPI,230498821800
053690,한미글로벌,KOSPI,230108550000
008490,서흥,KOSPI,229762584180
243070,휴온스,KOSDAQ,228811601500
065680,우주일렉트로,KOSDAQ,228701657250
226320,잇츠한불,KOSPI,228284169150
365270,큐라클,KOSDAQ,228217017600
001340,PKC,KOSPI,227842130340
001470,삼부토건,KOSPI,227794235460
085910,네오티스,KOSDAQ,226648859740
064850,에프앤가이드,KOSDAQ,226495090200
025560,미래산업,KOSPI,226396225700
416180,신성에스티,KOSDAQ,225542461100
180400,DXVX,KOSDAQ,225403399280
065710,서호전기,KOSDAQ,225055000000
011500,한농화성,KOSPI,225017034380
0030R0,대신밸류리츠,KOSPI,224175000000
215000,골프존,KOSDAQ,224032315500
134380,미원화학,KOSPI,223885482400
023760,한국캐피탈,KOSDAQ,222978165444
256840,한국비엔씨,KOSDAQ,222967328360
094480,갤럭시아머니트리,KOSDAQ,222433181460
001460,BYC,KOSPI,222362940000
144510,지씨셀,KOSDAQ,221678826320
017860,DS단석,KOSPI,221376570360
028100,동아지질,KOSPI,221187926070
298830,슈어소프트테크,KOSDAQ,220783600870
003650,미창석유,KOSPI,220764376800
099430,바이오플러스,KOSDAQ,220057377540
009680,모토닉,KOSPI,219286918460
190510,나무가,KOSDAQ,219026679350
0008Z0,에스엔시스,KOSDAQ,218928284800
018310,삼목에스폼,KOSDAQ,218883000000
382900,범한퓨얼셀,KOSDAQ,218586950000
077500,유니퀘스트,KOSPI,217729028160
241520,DSC인베스트먼트,KOSDAQ,217588000000
000540,흥국화재,KOSPI,217461353325
114190,강원에너지,KOSDAQ,217343676160
019010,베뉴지,KOSDAQ,216900000000
034120,SBS,KOSPI,216492947460
064550,바이오니아,KOSDAQ,215515929850
000050,경방,KOSPI,215209869500
000490,대동,KOSPI,214471875600
035510,신세계 I&C,KOSPI,214187388000
005710,대원산업,KOSDAQ,214001568000
475400,씨메스로보틱스,KOSDAQ,213822850340
067080,대화제약,KOSDAQ,213532975500
003720,삼영,KOSPI,213520000000
475560,더본코리아,KOSPI,212633089800
092200,디아이씨,KOSPI,211942701050
0161M0,네오사피엔스,KOSDAQ,211700593850
0001A0,덕양에너젠,KOSDAQ,211647074220
237880,클리오,KOSDAQ,211434830100
0010S0,와이즈플래닛컴퍼니,KOSDAQ,211422633000
243840,신흥에스이씨,KOSDAQ,210913545450
033920,무학,KOSPI,210900000000
307180,아이엘,KOSDAQ,210419353200
125020,티씨머티리얼즈,KOSDAQ,210231300000
206640,바디텍메드,KOSDAQ,210096962390
03473K,SK우,KOSPI,209753017500
045390,대아티아이,KOSDAQ,208953562805
481070,에이유브랜즈,KOSDAQ,208648440000
088260,이리츠코크렙,KOSPI,208393831100
078150,HB테크놀러지,KOSDAQ,207404128630
035150,백산,KOSPI,207003197130
380540,옵티코어,KOSDAQ,206658126350
036190,금화피에스시,KOSDAQ,206400000000
000320,노루홀딩스,KOSPI,206278663520
950170,JTC,KOSDAQ,205334814150
095500,미래나노텍,KOSDAQ,204976093390
394800,쓰리빌리언,KOSDAQ,204937241320
340450,지씨지놈,KOSDAQ,204815867380
298000,효성화학,KOSPI,204378612900
058970,엠로,KOSDAQ,204356984820
462860,더즌,KOSDAQ,203821412520
053030,바이넥스,KOSDAQ,203622491240
126730,코칩,KOSDAQ,203466923200
003555,LG우,KOSPI,202954812600
000650,천일고속,KOSPI,202377552000
004980,성신양회,KOSPI,202257602250
293780,압타바이오,KOSDAQ,201429713850
217730,강스템바이오텍,KOSDAQ,201275878860
014940,오리엔탈정공,KOSDAQ,201207713315
353810,이지바이오,KOSDAQ,201138073600
000480,CR홀딩스,KOSPI,200691297200
053300,한국정보인증,KOSDAQ,200595290220
049430,코메론,KOSDAQ,200413200000
314930,바이오다인,KOSDAQ,200014772160
459510,나우로보틱스,KOSDAQ,199867082800
487570,HS효성,KOSPI,199709687200
462350,이노스페이스,KOSDAQ,198884827640
061090,세나테크놀로지,KOSDAQ,197925310000
100250,진양홀딩스,KOSPI,197451000000
176750,듀켐바이오,KOSDAQ,196572168000
199430,케이엔알시스템,KOSDAQ,196172193360
083310,엘오티베큠,KOSDAQ,196088463330
037270,YG PLUS,KOSPI,195764063250
051905,LG생활건강우,KOSPI,195371338800
039570,HDC랩스,KOSPI,195201159520
013580,계룡건설,KOSPI,194693772600
117580,대성에너지,KOSPI,193325000000
095570,AJ네트웍스,KOSPI,193229280930
080720,한국유니온제약,KOSDAQ,192441519730
000390,SP삼화,KOSPI,191512421760
339770,교촌에프앤비,KOSPI,191116431000
086670,비엠티,KOSDAQ,190179956600
053210,스카이라이프,KOSPI,190091820000
382800,지앤비에스 에코,KOSDAQ,190031314770
005960,동부건설,KOSPI,189998369640
002420,우양피앤엘,KOSPI,189500734720
034810,해성산업,KOSDAQ,188533507440
004560,현대비앤지스틸,KOSPI,188485137500
036560,KZ정밀,KOSDAQ,187740000000
126600,BGF에코머티리얼즈,KOSDAQ,187673028010
001630,종근당홀딩스,KOSPI,187368801400
452450,피아이이,KOSDAQ,187348200000
016790,현대사료,KOSDAQ,187340898626
143240,사람인,KOSDAQ,187286155950
003520,영진약품,KOSPI,187282156544
042420,네오위즈홀딩스,KOSDAQ,187272509000
123330,제닉,KOSDAQ,186467112000
013120,동원개발,KOSDAQ,186156605000
388050,지투파워,KOSDAQ,185971803780
102460,이연제약,KOSPI,185868110000
016580,환인제약,KOSPI,185628698600
052330,코텍,KOSDAQ,185430989160
066620,국보디자인,KOSDAQ,185250000000
001130,대한제분,KOSPI,185055000000
419530,SAMG엔터,KOSDAQ,184956946440
003547,대신증권2우B,KOSPI,184832253840
102260,동성케미컬,KOSPI,184437311240
084850,아이티엠반도체,KOSDAQ,184412253420
102940,코오롱생명과학,KOSDAQ,184315690240
194700,노바렉스,KOSDAQ,183826319360
304100,솔트룩스,KOSDAQ,183744344450
192440,슈피겐코리아,KOSDAQ,183382708500
005160,동국산업,KOSDAQ,183346349160
128820,대성산업,KOSPI,182977508510
484810,티엑스알로보틱스,KOSDAQ,182784324450
417030,니어스랩,KOSDAQ,182570769600
464080,에스오에스랩,KOSDAQ,182297318280
290690,아리바이오홀딩스,KOSDAQ,181774357125
083930,아바코,KOSDAQ,181264025150
033530,SJG세종,KOSPI,181250403300
007860,서연,KOSPI,181029597240
000140,하이트진로홀딩스,KOSPI,180780699350
041920,메디아나,KOSDAQ,180216780870
308430,셀비온,KOSDAQ,180157303960
119830,아이텍,KOSDAQ,179931274080
163730,핑거,KOSDAQ,179741295360
024060,흥구석유,KOSDAQ,179550000000
230240,에치에프알,KOSDAQ,179006050000
138610,나이벡,KOSDAQ,178474350100
234690,녹십자웰빙,KOSDAQ,178016203900
119610,인터로조,KOSDAQ,177597903320
094820,일진파워,KOSDAQ,177325617840
403850,더핑크퐁컴퍼니,KOSDAQ,176947953300
108380,대양전기공업,KOSDAQ,176804313840
377190,디앤디플랫폼리츠,KOSPI,176711600000
046120,오르비텍,KOSDAQ,176048251600
003610,방림,KOSPI,175967063440
214180,헥토이노베이션,KOSDAQ,175930189180
068790,DMS,KOSDAQ,175920103320
084990,헬릭스미스,KOSDAQ,175844020555
220100,퓨쳐켐,KOSDAQ,175815472500
002100,경농,KOSPI,175703175000
355150,코스텍시스,KOSDAQ,175440375000
263860,지니언스,KOSDAQ,175236280000
086820,바이오솔루션,KOSDAQ,174987573750
015230,대창단조,KOSPI,174533476600
000520,삼일제약,KOSPI,174185242330
234080,JW생명과학,KOSPI,174180094000
000300,DH오토넥스,KOSPI,174035631000
016450,한세예스24홀딩스,KOSPI,174000000000
405100,큐알티,KOSDAQ,173893609150
000700,유수홀딩스,KOSPI,173698886040
318060,그래피,KOSDAQ,172953756420
009470,삼화전기,KOSPI,172951393000
003220,대원제약,KOSPI,172916664930
039860,나노엔텍,KOSDAQ,172751995355
082800,비보존 제약,KOSDAQ,172747449770
213500,한솔제지,KOSPI,172316170240
187870,디바이스,KOSDAQ,171205234200
092130,이크레더블,KOSDAQ,171019120000
274090,켄코아에어로스페이스,KOSDAQ,170800166800
0015G0,그린광학,KOSDAQ,170623047780
036170,에이치엠넥스,KOSDAQ,170596440280
014710,사조씨푸드,KOSPI,170463575700
122990,와이솔,KOSDAQ,170303244560
143160,아이디스,KOSDAQ,170176273200
260970,에스앤디,KOSDAQ,170093935200
194480,데브시스터즈,KOSDAQ,169637951000
002150,도화엔지니어링,KOSPI,169274400000
003460,유화증권,KOSPI,168973196700
489460,바이오비쥬,KOSDAQ,168187471800
013990,아가방컴퍼니,KOSDAQ,168055308960
270660,에브리봇,KOSDAQ,168023318920
199820,제일일렉트릭,KOSDAQ,167761000000
255220,SG,KOSDAQ,167727518428
012860,모베이스전자,KOSDAQ,167704616530
264850,이랜시스,KOSDAQ,167226258240
054210,이랜텍,KOSDAQ,167174898100
245620,EDGC,KOSDAQ,167118555474
032620,GC메디아이,KOSDAQ,166769859105
067290,JW신약,KOSDAQ,166710381425
038390,레드캡투어,KOSDAQ,166204970680
039830,오로라,KOSDAQ,166071392700
445180,퓨릿,KOSDAQ,166047556080
126700,하이비젼시스템,KOSDAQ,165110337600
123410,코리아에프티,KOSDAQ,165097509520
264450,유비쿼스,KOSDAQ,164986796250
357550,석경에이티,KOSDAQ,164741000000
104480,티케이케미칼,KOSDAQ,164429840106
204610,티쓰리,KOSDAQ,163277824600
950140,잉글우드랩,KOSDAQ,162717822540
149950,아바텍,KOSDAQ,162235634610
032940,원익,KOSDAQ,162101242710
052260,현대바이오랜드,KOSDAQ,162000000000
267320,나인테크,KOSDAQ,161911131900
088800,에이스테크,KOSDAQ,161583768760
051370,인터플렉스,KOSDAQ,161426106240
101530,해태제과식품,KOSPI,161016025660
241590,화승엔터프라이즈,KOSPI,160561581400
372170,윤성에프앤씨,KOSDAQ,160378864800
478340,나라스페이스테크놀로지,KOSDAQ,160339831150
488280,에스투더블유,KOSDAQ,160325447660
049630,재영솔루텍,KOSDAQ,160284853540
051160,지어소프트,KOSDAQ,159904205280
0039P0,매드업,KOSDAQ,159862900000
460850,동국씨엠,KOSPI,159658823040
066410,버킷스튜디오,KOSDAQ,159637252154
475040,스트라드비젼,KOSDAQ,158784699900
123860,아나패스,KOSDAQ,158695502350
093190,빅솔론,KOSDAQ,158528577200
289080,SV인베스트먼트,KOSDAQ,158464243955
0082N0,카나프테라퓨틱스,KOSDAQ,158276902000
072870,메가스터디,KOSDAQ,158191125930
118990,모트렉스,KOSDAQ,158020669240
388790,라이콤,KOSDAQ,157662924000
090350,노루페인트,KOSPI,157200000000
000860,강남제비스코,KOSPI,156910000000
023910,대한약품,KOSDAQ,156900000000
418550,제이오,KOSDAQ,156886597700
024800,유성티엔에스,KOSDAQ,156752896500
002170,SYTS,KOSPI,156300000000
067280,멀티캠퍼스,KOSDAQ,156170626650
086890,이수앱지스,KOSDAQ,156168211700
402030,코난테크놀로지,KOSDAQ,155967900480
092070,디엔에프,KOSDAQ,155525771520
054800,아이디스홀딩스,KOSDAQ,155216340000
080160,모두투어,KOSDAQ,155169000000
251370,와이엠티,KOSDAQ,155093763930
011040,경동제약,KOSDAQ,155074580640
004380,삼익THK,KOSPI,155043000000
093640,케이알엠,KOSDAQ,154693902360
226590,엠디바이스,KOSDAQ,154428857440
041520,이엘씨,KOSDAQ,153943659900
432720,퀄리타스반도체,KOSDAQ,153935156200
008970,KBI동양철관,KOSPI,153886323081
400760,NH올원리츠,KOSPI,153801970000
041020,폴라리스오피스,KOSDAQ,153771339335
474650,링크솔루션,KOSDAQ,153612629400
007570,일양약품,KOSPI,153067025280
00279K,아모레퍼시픽홀딩스3우C,KOSPI,152836910000
054450,텔레칩스,KOSDAQ,152502426310
222040,코스맥스엔비티,KOSDAQ,152440920000
001780,알루코,KOSPI,152120137372
053260,금강철강,KOSDAQ,151819200000
387690,레메디,KOSDAQ,151600725080
001045,CJ우,KOSPI,151434941000
007330,푸른저축은행,KOSDAQ,151431312000
013890,지누스,KOSPI,151288109700
006805,미래에셋증권우,KOSPI,151089913590
078070,유비쿼스홀딩스,KOSDAQ,150800172120
462520,조선내화,KOSPI,150442081920
042600,새로닉스,KOSDAQ,150325245400
011785,금호석유화학우,KOSPI,150267254200
000970,한국주철관,KOSPI,150255295000
494120,큐리오시스,KOSDAQ,149850882480
300080,플리토,KOSDAQ,149444317040
413630,씨피시스템,KOSDAQ,149390080500
134580,탑코미디어,KOSDAQ,149114800725
272550,삼양패키징,KOSPI,148875851280
179290,엠아이텍,KOSDAQ,148720290410
950250,테라뷰,KOSDAQ,148499237120
489500,엘케이켐,KOSDAQ,148276721600
0007C0,아크릴,KOSDAQ,147436748640
205500,넥써쓰,KOSDAQ,147068762720
271980,제일약품,KOSPI,147048720000
065660,안트로젠,KOSDAQ,146889548000
004090,한국석유,KOSPI,146617086000
293480,하나제약,KOSPI,146449075040
452190,한빛레이저,KOSDAQ,145915397700
046440,KG파이낸셜,KOSDAQ,145726551720
101360,에코앤드림,KOSDAQ,145668273660
004150,한솔홀딩스,KOSPI,145644501000
097955,CJ제일제당 우,KOSPI,145619400100
220260,켐트로스,KOSDAQ,145607129700
102120,어보브반도체,KOSDAQ,145446559540
004970,신라교역,KOSPI,144480000000
023600,삼보판지,KOSDAQ,144234783000
396300,HT로보틱스,KOSDAQ,143308195000
003830,대한화섬,KOSPI,143158400000
048870,시너지이노베이션,KOSDAQ,142645173097
049960,쎌바이오텍,KOSDAQ,142410000000
322310,오로스테크놀로지,KOSDAQ,142277772980
069510,에스텍,KOSDAQ,142266400000
115310,인포바인,KOSDAQ,142086239420
071840,롯데하이마트,KOSPI,141882349120
016880,웅진,KOSPI,141790639920
005990,매일홀딩스,KOSDAQ,141626937600
148150,세경하이테크,KOSDAQ,141460415640
101970,우양에이치씨,KOSDAQ,141392486040
000020,동화약품,KOSPI,141333238200
107590,미원홀딩스,KOSPI,141288000000
264660,씨앤지하이테크,KOSDAQ,141248629160
014280,금강공업,KOSPI,141074207170
147830,제룡산업,KOSDAQ,141000000000
089600,KT나스미디어,KOSDAQ,140414753600
025820,이구산업,KOSPI,138951510000
228850,레이언스,KOSDAQ,138700877040
001080,만호제강,KOSPI,138352942400
003480,한진중공업홀딩스,KOSPI,138199520160
232680,라온로보틱스,KOSDAQ,138010575000
015890,태경산업,KOSPI,137813556250
094280,효성ITX,KOSPI,137311416000
114840,아이패밀리에스씨,KOSDAQ,137120984700
008350,남선알미늄,KOSPI,136565677220
138360,앤로보틱스,KOSDAQ,136535545568
469610,이노테크,KOSDAQ,136468654000
212560,네오오토,KOSDAQ,136346978280
146320,비씨엔씨,KOSDAQ,136297879950
035610,솔본,KOSDAQ,136183065060
003100,선광,KOSDAQ,135300000000
012610,경인양행,KOSPI,134837022600
004080,신흥,KOSPI,134757000000
059120,아진엑스텍,KOSDAQ,134578985100
0015N0,아로마티카,KOSDAQ,134573065400
321550,티움바이오,KOSDAQ,134572368000
211270,AP위성,KOSDAQ,134383328640
451760,컨텍,KOSDAQ,134373280360
060150,인선이엔티,KOSDAQ,134184837340
265740,엔에프씨,KOSDAQ,133977000000
037070,파세코,KOSDAQ,133400000000
142210,유니트론텍,KOSDAQ,132808979200
073010,케이에스피,KOSDAQ,132631125000
038290,마크로젠,KOSDAQ,132481908000
417500,제이아이테크,KOSDAQ,132450365760
0088M0,메쥬,KOSDAQ,132415450000
136540,윈스테크넷,KOSDAQ,132252864420
156100,엘앤케이바이오,KOSDAQ,132095314230
081000,일진다이아,KOSPI,132087667500
126640,화신정공,KOSDAQ,131810221600
047770,코데즈컴바인,KOSDAQ,131692254960
054920,한컴위드,KOSDAQ,131491597460
140670,알에스오토메이션,KOSDAQ,131479961600
018470,조일알미늄,KOSPI,131190461920
418420,라온텍,KOSDAQ,131099617080
052860,아이앤씨,KOSDAQ,130606702740
105330,케이엔더블유,KOSDAQ,130559088000
024090,디씨엠,KOSPI,130416000000
001540,안국약품,KOSDAQ,130293775800
049720,고려신용정보,KOSDAQ,130273000000
158430,아톤,KOSDAQ,130244729440
240550,동방메디컬,KOSDAQ,129162409800
071280,로체시스템즈,KOSDAQ,129103329320
035080,그래디언트,KOSDAQ,128279000920
285490,노바텍,KOSDAQ,128179071720
322510,제이엘케이,KOSDAQ,127857683240
214390,경보제약,KOSPI,127662632400
457550,우진엔텍,KOSDAQ,127390155860
297090,씨에스베어링,KOSDAQ,127350900000
115500,케이씨에스,KOSDAQ,127320000000
141000,비아트론,KOSDAQ,127204455000
039840,디오,KOSDAQ,126779574600
115440,우리넷,KOSDAQ,126617045160
079960,동양이엔피,KOSDAQ,126414754920
094840,슈프리마에이치큐,KOSDAQ,126400745010
950190,고스트스튜디오,KOSDAQ,126395642890
402490,그린리소스,KOSDAQ,126336718820
036690,코맥스,KOSDAQ,125692107675
267290,경동도시가스,KOSPI,124982607200
408920,메쎄이상,KOSDAQ,124941794950
282880,코윈로보틱스,KOSDAQ,124775854940
003010,혜인,KOSPI,124584920600
092220,KEC,KOSPI,124473146800
361390,제노코,KOSDAQ,124430949180
013520,화승코퍼레이션,KOSPI,124377361220
009270,신원,KOSPI,124296335619
078000,텔코웨어,KOSPI,124094234110
042510,라온시큐어,KOSDAQ,124052098760
011690,와이투솔루션,KOSPI,124041815560
095700,제넥신,KOSDAQ,123870143680
004960,한신공영,KOSPI,123806511400
338840,와이바이오로직스,KOSDAQ,123693019890
080420,모다이노칩,KOSDAQ,123568514100
256940,킵스파마,KOSDAQ,123480604050
417010,나노팀,KOSDAQ,123457095360
027710,팜스토리,KOSDAQ,123115343000
002210,동성제약,KOSPI,123093251918
210540,디와이파워,KOSPI,122894210040
056090,시지메드텍,KOSDAQ,122878252840
307750,국전,KOSDAQ,122548873760
351320,넥사다이내믹스,KOSDAQ,122479790900
072950,빛샘전자,KOSDAQ,122238619800
021320,KCC건설,KOSDAQ,122194000000
009780,엠에스씨,KOSDAQ,122144000000
001360,삼성제약,KOSPI,122128216463
108230,톱텍,KOSDAQ,122054616450
474170,루미르,KOSDAQ,122051217600
006060,화승인더,KOSPI,121980600000
015590,DKME,KOSPI,121743582240
005800,신영와코루,KOSPI,121500000000
321370,센서뷰,KOSDAQ,120622804708
293580,나우IB,KOSDAQ,120466106550
350520,이지스레지던스리츠,KOSPI,120368149530
009070,KCTC,KOSPI,120300000000
001520,동양,KOSPI,120298041936
214420,토니모리,KOSPI,119913173015
037560,LG헬로비전,KOSPI,119887747020
008830,대동기어,KOSDAQ,119886975000
089470,HDC현대EP,KOSPI,119625000000
095190,신화프리텍,KOSDAQ,119296124536
054050,NH농우바이오,KOSDAQ,118946762620
001210,금호전기,KOSPI,118690030600
002620,제일파마홀딩스,KOSPI,118362560550
227840,현대코퍼레이션홀딩스,KOSPI,118128851280
308080,바이젠셀,KOSDAQ,118075737600
037350,성도이엔지,KOSDAQ,117573300000
041440,현대에버다임,KOSDAQ,116863213600
166480,코아스템켐온,KOSDAQ,116843530960
017510,세명전기,KOSDAQ,116784360000
259630,엠플러스,KOSDAQ,116479433880
297890,HB솔루션,KOSDAQ,116440335088
014530,극동유화,KOSPI,116289515700
041590,플래스크,KOSDAQ,116064014460
002390,한독,KOSPI,116026583190
333430,일승,KOSDAQ,115993469925
034590,인천도시가스,KOSPI,115493505600
079650,서산,KOSDAQ,115200000000
049520,유아이엘,KOSDAQ,115197204375
053080,케이엔솔,KOSDAQ,115178290020
083500,에프엔에스테크,KOSDAQ,115043321450
051980,중앙첨단소재,KOSDAQ,114979918815
331920,셀레믹스,KOSDAQ,114946385400
290740,액트로,KOSDAQ,114942425620
016740,두올,KOSPI,114552725880
017550,수산세보틱스,KOSPI,114502403550
172670,에이엘티,KOSDAQ,114332904840
299030,하나기술,KOSDAQ,114327213000
336680,탑런토탈솔루션,KOSDAQ,114305029360
443670,에스피소프트,KOSDAQ,114290284640
047310,파워로직스,KOSDAQ,114225555600
474610,RF시스템즈,KOSDAQ,113880238000
458650,성우,KOSDAQ,113745265200
290720,푸드나무,KOSDAQ,113684833540
122450,KX,KOSDAQ,113394180020
153890,져스텍,KOSDAQ,112670351750
067990,도이치모터스,KOSDAQ,112640783000
002460,HS화성,KOSPI,112462000000
063570,NICE인프라,KOSDAQ,112004547840
023450,동남합성,KOSPI,111825000000
004100,태양금속,KOSPI,111751500000
338220,뷰노,KOSDAQ,111734547540
083420,그린케미칼,KOSPI,111600000000
201490,미투온,KOSDAQ,111587905660
396470,워트,KOSDAQ,111550400000
018120,진로발효,KOSDAQ,111301027200
090850,현대이지웰,KOSDAQ,111153230335
016710,대성홀딩스,KOSPI,110856372510
079430,현대리바트,KOSPI,110628111000
051360,토비스,KOSDAQ,110174403240
217820,원익피앤이,KOSDAQ,110094576880
086980,쇼박스,KOSDAQ,109953318000
101170,우림피티에스,KOSDAQ,109890000000
473980,노머스,KOSDAQ,109806967680
011810,STX,KOSPI,109493282310
389020,자람테크놀로지,KOSDAQ,109169346420
310200,애니플러스,KOSDAQ,109020327240
013570,디와이,KOSPI,108963280620
008040,사조동아원,KOSPI,108681342000
255440,야스,KOSDAQ,108511980000
040300,YTN,KOSDAQ,108226744600
036630,세종텔레콤,KOSDAQ,108080000000
217270,넵튠,KOSDAQ,107972554305
067900,와이엔텍,KOSDAQ,107741981280
039340,한국경제TV,KOSDAQ,107580000000
242040,나무AX,KOSDAQ,107452449720
039560,다산네트웍스,KOSDAQ,107435612340
009580,무림P&P,KOSPI,107273517280
129920,대성하이텍,KOSDAQ,107241393600
012800,대창,KOSPI,107090086325
339950,아이비김영,KOSDAQ,106523572350
120240,대정화금,KOSDAQ,106417786800
012200,계양전기,KOSPI,106268487000
131030,옵투스제약,KOSDAQ,106232471800
106190,하이텍팜,KOSDAQ,105693739620
0011A0,액스비스,KOSDAQ,105471262000
217190,제너셈,KOSDAQ,105361625610
078935,GS우,KOSPI,105356819200
334970,프레스티지바이오로직스,KOSDAQ,105277070498
021820,세원정공,KOSPI,105200000000
475230,엔알비,KOSDAQ,105172290950
37550L,DL이앤씨2우(전환),KOSPI,104963964700
289930,웨이비스,KOSDAQ,104929099800
053350,이니텍,KOSDAQ,104600058750
004250,NPC,KOSPI,104468400000
311320,지오엘리먼트,KOSDAQ,104196265600
130580,나이스디앤비,KOSDAQ,104104000000
073560,우리손에프앤지,KOSDAQ,103856464500
010100,한국무브넥스,KOSPI,103835932200
419050,삼기에너지솔루션즈,KOSDAQ,103811175600
120030,조선선재,KOSPI,103630442400
014580,태경비케이,KOSPI,103574540500
027970,한국제지,KOSPI,102871539520
053700,삼보모터스,KOSDAQ,102855664450
012320,경동인베스트,KOSPI,102523747050
038540,상상인,KOSDAQ,102412707363
091440,한울소재과학,KOSDAQ,102173197980
036010,아비코전자,KOSDAQ,101823874440
439580,블루엠텍,KOSDAQ,101539641000
246710,티앤알바이오팹,KOSDAQ,101525393520
006660,삼성공조,KOSPI,101497661860
125210,아모그린텍,KOSDAQ,101455258500
209640,와이제이링크,KOSDAQ,101399815490
267850,아시아나IDT,KOSPI,101343000000
100700,세운메디칼,KOSDAQ,101178000000
123040,엠에스오토텍,KOSDAQ,101144702885
119650,KC코트렐,KOSPI,100782913662
123690,한국화장품,KOSPI,100746360000
453450,그리드위즈,KOSDAQ,100555215000
261780,아리바이오랩,KOSDAQ,100477236720
248170,샘표식품,KOSPI,100045463400
063170,서울옥션,KOSDAQ,99891380540
182360,큐브엔터,KOSDAQ,99796242120
109740,디에스케이,KOSDAQ,99756313200
309960,LB인베스트먼트,KOSDAQ,99485869115
475580,에이럭스,KOSDAQ,99461770000
246720,아스타,KOSDAQ,99434491000
003580,HLB글로벌,KOSPI,99300469800
411080,샌즈랩,KOSDAQ,99239647000
006620,동구바이오제약,KOSDAQ,99200497120
175250,아이큐어,KOSDAQ,98778107200
357880,SKAI,KOSDAQ,98708803683
173130,오파스넷,KOSDAQ,98500871150
002450,삼익악기,KOSPI,98497635520
352090,스톰테크,KOSDAQ,98489537670
250060,모비스,KOSDAQ,98444220840
088130,동아엘텍,KOSDAQ,98267464680
323990,박셀바이오,KOSDAQ,98145995900
366030,나인앤컴퍼니,KOSDAQ,98091170500
048550,SM C&C,KOSDAQ,97971910060
059210,메타바이오메드,KOSDAQ,97953059225
011280,태림포장,KOSPI,97924615020
021080,에이티넘인베스트,KOSDAQ,97920000000
105740,디케이락,KOSDAQ,97821095060
307930,컴퍼니케이,KOSDAQ,97718600000
070960,모나용평,KOSPI,97710665990
109670,씨싸이트,KOSDAQ,97646351460
035000,HS애드,KOSPI,97407940440
099750,이지케어텍,KOSDAQ,97389903490
066790,씨씨에스,KOSDAQ,97355245995
493330,지에프아이,KOSDAQ,97278107300
317770,엑스페릭스,KOSDAQ,97117130250
235980,메드팩토,KOSDAQ,96998592430
049950,미래컴퍼니,KOSDAQ,96996724000
298540,더네이쳐홀딩스,KOSDAQ,96913922340
306620,지아이에스,KOSDAQ,96843211680
394420,리센스메디컬,KOSDAQ,96797368800
412350,레이저쎌,KOSDAQ,96672144660
008700,아남전자,KOSPI,96637399460
068240,다원시스,KOSDAQ,96553495610
008260,NI스틸,KOSPI,96382394290
045970,코아시아,KOSDAQ,96180871780
086960,MDS테크,KOSDAQ,96114794200
198440,강동씨앤엘,KOSDAQ,95724008616
417310,코람코더원리츠,KOSPI,95546000000
264900,크라운제과,KOSPI,95431737000
205100,엑셈,KOSDAQ,95230517340
330350,위더스제약,KOSDAQ,95037696000
017650,대림제지,KOSDAQ,94878000000
002780,진흥기업,KOSPI,94702102740
189330,씨이랩,KOSDAQ,94479599880
014790,HL D&I,KOSPI,94267916490
013700,까뮤이앤씨,KOSPI,93808803100
067830,세이브존I&C,KOSPI,93778445075
162300,신스틸,KOSDAQ,93725323320
032560,황금에스티,KOSPI,93670000000
187790,나노,KOSDAQ,93601919050
014440,영보화학,KOSPI,93400000000
007210,벽산,KOSPI,93399440000
074430,아미노로직스,KOSDAQ,93362381640
052420,오성첨단소재,KOSDAQ,93328446220
002200,한국수출포장,KOSPI,93297335685
037030,파워넷,KOSDAQ,93249985760
007540,샘표,KOSPI,93114621600
002230,피에스텍,KOSDAQ,93026403500
091120,이엠텍,KOSDAQ,92860513120
042500,링네트,KOSDAQ,92731159040
380550,뉴로핏,KOSDAQ,92589392940
025620,차AI헬스케어,KOSPI,91930063650
036220,오상헬스케어,KOSDAQ,91866450720
005860,한일사료,KOSDAQ,91810586050
065450,빅텍,KOSDAQ,91731947330
040420,정상제이엘에스,KOSDAQ,91556903680
303810,동국생명과학,KOSDAQ,91474640400
282720,금양그린파워,KOSDAQ,91381030000
363280,티와이홀딩스,KOSPI,91222152665
348350,위드텍,KOSDAQ,91187688000
058850,KTcs,KOSPI,91089790000
036580,팜스코,KOSPI,91085298640
053580,웹케시,KOSDAQ,90940140720
001275,부국증권우,KOSPI,90750000000
109610,에스와이,KOSDAQ,90723227000
006840,AK홀딩스,KOSPI,90480841630
357580,아모센스,KOSDAQ,90191679300
139990,아주스틸,KOSPI,89912560480
432470,케이엔에스,KOSDAQ,89820733440
052460,아이크래프트,KOSDAQ,89692727040
023900,풍국주정,KOSDAQ,89460000000
058860,KTis,KOSPI,89441140000
322180,LS티라유텍,KOSDAQ,89423800960
307870,비투엔,KOSDAQ,89233441285
019180,티에이치엔,KOSPI,89190000000
009300,삼아제약,KOSDAQ,89180000000
096775,SK이노베이션우,KOSPI,89137616400
246960,SCL사이언스,KOSDAQ,89124663140
066590,스모트로닉,KOSDAQ,88765865415
054540,삼영엠텍,KOSDAQ,88660000000
001290,상상인증권,KOSPI,88619764160
033560,블루콤,KOSDAQ,88578000000
234300,에스트래픽,KOSDAQ,88561323900
013310,아진산업,KOSDAQ,88479006960
234030,싸이닉솔루션,KOSDAQ,88400725000
052900,KX하이텍,KOSDAQ,88398307770
047560,이스트소프트,KOSDAQ,88265645820
023000,삼원강재,KOSPI,88024002540
093920,서원인텍,KOSDAQ,87978000000
357230,에이치피오,KOSDAQ,87955103880
048910,대원미디어,KOSDAQ,87549464160
048530,인트론바이오,KOSDAQ,87269216350
457370,한켐,KOSDAQ,87125047200
062970,한국첨단소재,KOSDAQ,87053802470
900260,로스웰,KOSDAQ,86996144340
0007J0,인벤테라,KOSDAQ,86916139700
362320,청담글로벌,KOSDAQ,86703322230
096240,크레버스,KOSDAQ,86410239200
014950,삼익제약,KOSDAQ,86279229160
251120,바이오에프디엔씨,KOSDAQ,86261344000
192410,오늘이엔엠,KOSDAQ,85883949690
100130,동국S&C,KOSDAQ,85828786000
004140,동방,KOSPI,85821489374
033290,로젠,KOSDAQ,85301421219
478560,블랙야크아이앤씨,KOSDAQ,85110831910
078140,대봉엘에스,KOSDAQ,84812329350
004650,창해에탄올,KOSDAQ,84739959700
006090,사조오양,KOSPI,84710396640
072020,중앙백신,KOSDAQ,84514410530
263720,디앤씨미디어,KOSDAQ,84249459680
226400,오스테오닉,KOSDAQ,84196024075
140070,서플러스글로벌,KOSDAQ,84147700000
007980,TP,KOSPI,84133845900
049180,셀루메드,KOSDAQ,83975227728
004890,동일산업,KOSPI,83912439000
183490,엔지켐생명과학,KOSDAQ,83793832650
185490,아이진,KOSDAQ,83649632040
086710,선진뷰티사이언스,KOSDAQ,83592468000
330730,스톤브릿지벤처스,KOSDAQ,83437661400
044990,에이치엔에스하이텍,KOSDAQ,83310007000
085670,뉴프렉스,KOSDAQ,83302587400
058820,CMG제약,KOSDAQ,83245438472
038110,에코플라스틱,KOSDAQ,82956280550
066700,테라젠이텍스,KOSDAQ,82849798480
097800,윈팩,KOSDAQ,82825286575
025950,동신건설,KOSDAQ,82824000000
33626K,두산퓨얼셀1우,KOSPI,82724398000
223250,드림씨아이에스,KOSDAQ,82657491840
000850,화천기공,KOSPI,82280000000
002600,조흥,KOSPI,82200000000
029480,광무,KOSDAQ,81994368236
123010,MSDI,KOSDAQ,81772777515
036640,HRS,KOSDAQ,81201582000
215100,로보로보,KOSDAQ,81190331460
412540,제일엠앤에스,KOSDAQ,81063616775
037760,쎄니트,KOSDAQ,81029845795
101330,모베이스,KOSDAQ,81014601500
066430,아이로보틱스,KOSDAQ,80656160560
078890,가온그룹,KOSDAQ,80517000910
094860,네오리진,KOSDAQ,80514781224
067000,조이시티,KOSDAQ,80039445670
000590,CS홀딩스,KOSPI,80005602600
100590,머큐리,KOSDAQ,79955977425
032300,한국파마,KOSDAQ,79946118330
049080,기가레인,KOSDAQ,79875222940
011700,한신기계,KOSPI,79817531460
302550,리메드,KOSDAQ,79774659255
063080,컴투스홀딩스,KOSDAQ,79735871280
147760,피엠티,KOSDAQ,79600000000
089230,THE E&M,KOSDAQ,79434028310
023800,인지컨트롤스,KOSPI,79362168940
294630,서남,KOSDAQ,79232545210
032540,TJ미디어,KOSDAQ,79201195270
111380,동인기연,KOSPI,79173760000
071090,하이스틸,KOSPI,79150566320
418470,KT밀리의서재,KOSDAQ,78976574580
137950,제이씨케미칼,KOSDAQ,78939400630
058400,KNN,KOSDAQ,78928113120
054670,대한뉴팜,KOSDAQ,78664961600
001260,남광토건,KOSPI,78660576000
047820,초록뱀미디어,KOSDAQ,78619384950
007820,엠엑스로보틱스,KOSDAQ,78599922030
009180,한솔로지스틱스,KOSPI,78554751750
365330,에스와이스틸텍,KOSDAQ,78517615000
066980,한성크린텍,KOSDAQ,78505956380
149980,하이로닉,KOSDAQ,78427649760
069730,DSR제강,KOSPI,78336000000
389030,지니너스,KOSDAQ,78154265664
010280,아이티센엔텍,KOSDAQ,78148542000
475430,키스트론,KOSDAQ,78085481250
131370,알서포트,KOSDAQ,77929742429
142280,녹십자엠에스,KOSDAQ,77879850750
396270,넥스트칩,KOSDAQ,77778774315
360070,탑머티리얼,KOSDAQ,77742488070
382840,원준,KOSDAQ,77732347290
0015S0,페스카로,KOSDAQ,77453830500
007610,선도전기,KOSPI,77400000000
004590,한국가구,KOSDAQ,77400000000
079810,APS이노베이션,KOSDAQ,77393497930
024880,케이피에프,KOSDAQ,77373501120
225530,HC보광산업,KOSDAQ,76674713970
124560,태웅로직스,KOSDAQ,76667205780
040160,누리플렉스,KOSDAQ,76647613950
005740,크라운해태홀딩스,KOSPI,76612310520
088390,이녹스,KOSDAQ,76588487040
0117P0,피스피스스튜디오,KOSDAQ,76512119400
389140,포바이포,KOSDAQ,76343082250
163560,동일고무벨트,KOSPI,76311000000
000440,중앙에너비스,KOSDAQ,76282342500
0017J0,세미티에스,KOSDAQ,76282133730
007590,동방아그로,KOSPI,76122255430
073640,테라사이언스,KOSDAQ,76111715580
388870,파로스아이바이오,KOSDAQ,75992620840
381620,제닉스로보틱스,KOSDAQ,75952756800
004840,DRB동일,KOSPI,75933114160
030960,양지사,KOSDAQ,75665300000
084680,이월드,KOSPI,75440894676
041930,SY동아,KOSDAQ,75392000000
303360,프로티아,KOSDAQ,75346332750
102370,케이옥션,KOSDAQ,75334923900
012790,신일제약,KOSDAQ,75274686200
012700,리드코프,KOSDAQ,75255096540
002220,한일철강,KOSPI,74886375300
302430,이노메트리,KOSDAQ,74798477040
011320,유니크,KOSDAQ,74674486175
950130,엑세스바이오,KOSDAQ,74568528080
066310,큐에스아이,KOSDAQ,74543832840
331380,포커스에이아이,KOSDAQ,74474857405
058630,엠게임,KOSDAQ,74433255910
253840,수젠텍,KOSDAQ,74339808000
040910,아이씨디,KOSDAQ,74332784750
060590,씨티씨바이오,KOSDAQ,74235731400
451250,삐아,KOSDAQ,74035349480
060570,드림어스컴퍼니,KOSDAQ,74027468430
168330,내츄럴엔도텍,KOSDAQ,73988917000
011370,서한,KOSDAQ,73955936045
084730,팅크웨어,KOSDAQ,73766575360
104040,디에스엠,KOSDAQ,73737303750
487580,폴레드,KOSDAQ,73659868425
170030,현대공업,KOSDAQ,73555300000
000105,유한양행우,KOSPI,73493760000
019550,SBI인베스트먼트,KOSDAQ,73473432288
041910,폴라리스AI파마,KOSDAQ,73456925500
013360,일성건설,KOSPI,73419811920
208140,정다운,KOSDAQ,73376132270
017480,삼현철강,KOSDAQ,73353727500
010960,삼호개발,KOSPI,73324800000
214330,금호에이치티,KOSPI,73093933710
083790,CG인바이츠,KOSDAQ,73049472900
347890,엠엑스온,KOSDAQ,72986645160
080010,이상네트웍스,KOSDAQ,72877876110
055490,테이팩스,KOSPI,72661347000
039010,현대에이치티,KOSDAQ,72622500000
013870,지엠비코리아,KOSPI,72570025400
065510,휴비츠,KOSDAQ,72446780700
038680,에스넷,KOSDAQ,72382453670
053280,예스24,KOSDAQ,72375000000
024740,한일단조,KOSDAQ,72373507800
107600,새빗켐,KOSDAQ,72320691200
263800,데이타솔루션,KOSDAQ,72202941000
002795,아모레퍼시픽홀딩스우,KOSPI,72171055320
323350,다원넥스뷰,KOSDAQ,71936732560
109070,주성코퍼레이션,KOSPI,71927533260
234920,자이글,KOSDAQ,71849132100
020710,시공테크,KOSDAQ,71771732600
208370,셀바스헬스케어,KOSDAQ,71558767920
067170,오텍,KOSDAQ,71551761635
171120,라이온켐텍,KOSDAQ,71480404160
338100,NH프라임리츠,KOSPI,71467800000
347000,센코,KOSDAQ,71462498940
024900,디와이덕양,KOSPI,71317306200
054040,한국컴퓨터,KOSDAQ,71115458250
299660,셀리드,KOSDAQ,71102174570
091590,남화토건,KOSDAQ,71027000000
014160,대영포장,KOSPI,70998429595
377480,마음AI,KOSDAQ,70889441750
332370,아이디피,KOSDAQ,70881696840
277880,티에스아이,KOSDAQ,70840266840
038460,바이오스마트,KOSDAQ,70768717600
001020,페이퍼코리아,KOSPI,70730567394
039610,화성밸브,KOSDAQ,70478408000
104460,디와이피엔에프,KOSDAQ,70471276700
128660,피제이메탈,KOSDAQ,70441567960
045660,에이텍,KOSDAQ,70375200000
039980,폴라리스AI,KOSDAQ,70324136460
217330,싸이토젠,KOSDAQ,70313822880
413390,엠오티,KOSDAQ,70195934400
004770,써니전자,KOSPI,70091682612
005750,대림바스,KOSPI,70019252800
063160,종근당바이오,KOSPI,70000875120
090470,제이스로보틱스,KOSDAQ,69993758970
136150,원일티엔아이,KOSDAQ,69981600500
120115,코오롱인더우,KOSPI,69888465000
212710,아이에스티이,KOSDAQ,69850691820
371950,풍원정밀,KOSDAQ,69516779500
294140,레몬,KOSDAQ,69512342220
032850,비트컴퓨터,KOSDAQ,69402248275
024830,세원물산,KOSDAQ,69388500000
009770,삼정펄프,KOSPI,69374195250
282620,기도산업,KOSDAQ,69214949670
320000,한울반도체,KOSDAQ,69205836700
048430,유라테크,KOSDAQ,69120000000
228340,동양파일,KOSDAQ,69000000000
010040,한국내화,KOSPI,68992664160
001560,제일연마,KOSPI,68932000000
095720,웅진씽크빅,KOSPI,68931254105
110790,크리스에프앤씨,KOSDAQ,68887022400
004440,삼일씨엔에스,KOSPI,68752513800
228670,레이,KOSDAQ,68659692190
096350,대창솔루션,KOSDAQ,68549857320
291650,츌립앤사이언스,KOSDAQ,68516549145
049550,잉크테크,KOSDAQ,68425906730
011150,CJ씨푸드,KOSPI,68376261019
000180,성창기업지주,KOSPI,68356568000
155660,DSR,KOSPI,68320000000
451220,아이엠티,KOSDAQ,68272877370
067570,엔브이에이치코리아,KOSDAQ,68188890000
031820,아이티센씨티에스,KOSPI,68151971980
002700,신일전자,KOSPI,68136235874
002720,국제약품,KOSPI,68134659040
460940,피앤에스로보틱스,KOSDAQ,68083716800
026150,특수건설,KOSDAQ,68079764280
054620,APS,KOSDAQ,67966646595
084670,동양고속,KOSPI,67901093050
117670,알파칩스,KOSDAQ,67816533560
109860,동일금속,KOSDAQ,67704000000
067370,선바이오,KOSDAQ,67664679140
000230,일동홀딩스,KOSPI,67626744000
417790,트루엔,KOSDAQ,67625805860
076610,해성옵틱스,KOSDAQ,67553660379
337930,젝시믹스,KOSDAQ,67538759925
019540,일지테크,KOSDAQ,67499932500
002800,신신제약,KOSDAQ,67281167500
347860,알체라,KOSDAQ,67150759671
950220,네오이뮨텍,KOSDAQ,67055206400
487400,케이앤에스아이앤씨,KOSDAQ,67003559460
092040,아미코젠,KOSDAQ,66981306876
204840,지엘팜텍,KOSDAQ,66847242310
265560,영화테크,KOSDAQ,66706723200
123420,위메이드플레이,KOSDAQ,66670672810
0155E0,해치텍,KOSDAQ,66614001000
079980,휴비스,KOSPI,66516000000
085310,엔케이,KOSPI,66243400820
153710,옵티팜,KOSDAQ,66161510580
155650,와이엠씨,KOSDAQ,66125637630
010660,화천기계,KOSPI,66110000000
019680,대교,KOSPI,65943280150
214260,라파스,KOSDAQ,65580103050
004780,대륙제관,KOSDAQ,65441663885
004720,팜젠사이언스,KOSPI,65357843025
318160,셀바이오휴먼텍,KOSDAQ,65175840740
187420,HLB제넥스,KOSDAQ,65159314212
262260,에이프로,KOSDAQ,65135491200
100030,인지소프트,KOSDAQ,65083211480
0004V0,엔비알모션,KOSDAQ,65071369440
040350,크레오에스지,KOSDAQ,64830479940
111710,남화산업,KOSDAQ,64749260000
100220,비상교육,KOSPI,64658786475
137080,나래나노텍,KOSDAQ,64580992470
061040,알에프텍,KOSDAQ,64423347760
067920,이글루,KOSDAQ,64327296150
456070,이엔셀,KOSDAQ,64302084110
006140,피제이전자,KOSDAQ,64216800000
007280,한국특강,KOSPI,64168249600
417970,모델솔루션,KOSDAQ,64158901000
210980,SK디앤디,KOSPI,64136880990
096250,와이즈넛,KOSDAQ,63682208590
014970,삼륭물산,KOSDAQ,63599250000
222110,팬젠,KOSDAQ,63585764845
043610,KT지니뮤직,KOSDAQ,63462058296
049470,비트플래닛,KOSDAQ,63335778310
005870,휴니드,KOSPI,63310327275
382480,지아이텍,KOSDAQ,63286281120
058730,다스코,KOSPI,63285159375
033130,디지틀조선,KOSDAQ,63170184434
095270,웨이브일렉트로,KOSDAQ,63094862340
089850,유비벨록스,KOSDAQ,63045251720
089790,제이티,KOSDAQ,62821474170
017370,우신시스템,KOSPI,62817205220
041460,한국전자인증,KOSDAQ,62700000000
001840,이화공영,KOSDAQ,62588831935
0156T0,에이치엘지노믹스,KOSDAQ,62568574440
127710,아시아경제,KOSDAQ,62505828990
043650,국순당,KOSDAQ,62504064000
145170,노브랜드,KOSDAQ,62476556475
009200,무림페이퍼,KOSPI,62455574310
291230,컴투스엔,KOSDAQ,62429200600
241790,티이엠씨씨엔에스,KOSDAQ,62416436160
315640,딥노이드,KOSDAQ,62415993000
081150,티플랙스,KOSDAQ,62369793140
214680,디알텍,KOSDAQ,62357360085
048770,TPC로보틱스,KOSDAQ,62321024270
294090,이오플로우,KOSDAQ,62295566450
241690,유니테크노,KOSDAQ,62277946770
018500,동원모빌리티,KOSPI,62230815823
331740,아우토크립트,KOSDAQ,62211322580
036000,예림당,KOSDAQ,62192547900
352910,오비고,KOSDAQ,62114796830
424960,스마트레이더시스템,KOSDAQ,62066439150
0218L0,네오뷰,KOSDAQ,62047818000
016090,대현,KOSPI,61995234000
214270,FSN,KOSDAQ,61949489684
483350,딜리셔스,KOSDAQ,61808153400
205470,휴마시스,KOSDAQ,61687502500
104540,코렌텍,KOSDAQ,61540011900
005670,푸드웰,KOSDAQ,61400000000
126880,제이엔케이글로벌,KOSDAQ,61395525950
360350,코셈,KOSDAQ,61340301600
016250,SGC E&C,KOSDAQ,61300119620
004450,삼화왕관,KOSPI,61292082550
072130,유엔젤,KOSPI,61255565550
064240,홈캐스트,KOSDAQ,61235353015
068290,삼성출판사,KOSPI,61100000000
065530,와이어블,KOSDAQ,61090095243
082210,옵트론텍,KOSDAQ,61011010850
065170,비엘팜텍,KOSDAQ,60991637705
122350,삼기,KOSDAQ,60959690520
203400,에이비온,KOSDAQ,60908481504
010240,흥국,KOSDAQ,60871200000
059270,해성에어로보틱스,KOSDAQ,60850879550
008370,원풍,KOSDAQ,60600000000
039420,케이엘넷,KOSDAQ,60580064160
900110,딥커머스,KOSDAQ,60510660660
066670,디티씨,KOSDAQ,60374895140
054300,팬스타엔터프라이즈,KOSDAQ,60323269965
463020,뉴엔AI,KOSDAQ,60304112000
216050,인크로스,KOSDAQ,60200199570
014470,부방,KOSDAQ,60016221280
010470,오리콤,KOSDAQ,59995000500
002760,보락,KOSPI,59900000000
007815,코리아써우,KOSPI,59886738000
056360,코위버,KOSDAQ,59760480000
094850,참좋은여행,KOSDAQ,59500000000
033310,엠투엔,KOSDAQ,59399069616
039020,이건홀딩스,KOSDAQ,59397784670
049480,오픈베이스,KOSDAQ,59356881487
950200,소마젠,KOSDAQ,59343223505
221800,지구홀딩스,KOSDAQ,59319023385
372910,한컴라이프케어,KOSPI,59223228840
191420,테고사이언스,KOSDAQ,59032311520
025550,한국선재,KOSDAQ,58937349240
480370,씨케이솔루션,KOSPI,58823829888
036090,위지트,KOSDAQ,58804810348
460870,에스엠씨지,KOSDAQ,58614047680
448710,코츠테크놀로지,KOSDAQ,58613888280
263690,디알젬,KOSDAQ,58553403700
033320,제이씨현시스템,KOSDAQ,58394589760
053620,태양,KOSDAQ,58308000000
192250,케이사인,KOSDAQ,58303781250
000220,유유제약,KOSPI,58265609400
251630,브이원텍,KOSDAQ,58191533900
099520,DGI,KOSDAQ,58141862016
050960,수산아이앤티,KOSDAQ,58126110000
299170,더블유에스아이,KOSDAQ,58074291912
046210,HLB파나진,KOSDAQ,58002621040
036120,서울평가정보,KOSDAQ,57918960000
111110,호전실업,KOSPI,57750420000
003925,남양유업우,KOSPI,57680044500
175140,아고스,KOSDAQ,57621224430
003310,대주산업,KOSDAQ,57477176400
037440,희림,KOSDAQ,57360597000
045340,토탈소프트,KOSDAQ,57338868000
273640,와이엠텍,KOSDAQ,57242520000
003780,진양산업,KOSPI,57200000000
060310,3S,KOSDAQ,57197645120
090080,평화산업,KOSPI,56988544842
261520,이지스,KOSDAQ,56939012000
129260,인터지스,KOSPI,56758943592
278650,HLB바이오스텝,KOSDAQ,56742448980
317530,에피소드컴퍼니,KOSDAQ,56683417680
215360,우리산업,KOSDAQ,56619410600
081180,쎄크,KOSDAQ,56483424000
053050,지에스이,KOSDAQ,56466645151
37550K,DL이앤씨우,KOSPI,56440729500
333620,엔시스,KOSDAQ,56199320100
348150,고바이오랩,KOSDAQ,56120589210
014990,인디에프,KOSPI,56109407265
001465,BYC우,KOSPI,56107792500
033230,인성정보,KOSDAQ,56072071800
290660,다이나믹솔루션,KOSDAQ,55989119616
000725,현대건설우,KOSPI,55898729000
007370,진양제약,KOSDAQ,55760945715
006890,태경케미컬,KOSPI,55738000000
075180,새론오토모티브,KOSPI,55584000000
424980,마이크로투나노,KOSDAQ,55519188200
340930,성원에너텍,KOSDAQ,55513882710
020760,일진디스플,KOSPI,55503470462
365660,레몬헬스케어,KOSDAQ,55436903080
0220WL,한화머시너리앤서비스홀딩스3우B,KOSPI,55433783300
238090,앤디포스,KOSDAQ,55004753760
217480,에스디생명공학,KOSDAQ,54756837359
443250,레뷰코퍼레이션,KOSDAQ,54589575850
036670,삼양케이씨아이,KOSDAQ,54554214000
003465,유화증권우,KOSPI,54526446000
28513K,SK케미칼우,KOSPI,54366525300
092440,기신정기,KOSPI,54312000000
061250,화일약품,KOSDAQ,54293416800
900300,오가닉티코스메틱,KOSDAQ,54228555595
464490,쿼드메디슨,KOSDAQ,54087426100
263600,덕우전자,KOSDAQ,54083402450
459100,위츠,KOSDAQ,54066391500
435570,에르코스,KOSDAQ,54004409470
391710,코닉오토메이션,KOSDAQ,53914894550
393210,토마토시스템,KOSDAQ,53635958640
025530,SJM홀딩스,KOSPI,53613088720
001550,조비,KOSPI,53531984090
378850,화승알앤에이,KOSPI,53467048745
040610,SG&G,KOSDAQ,53431679730
35320K,대덕전자1우,KOSPI,53330958550
288180,케이피항공산업,KOSDAQ,53305419020
003475,유안타증권우,KOSPI,53295299200
396690,미래에셋글로벌리츠,KOSPI,53269989300
088280,쏘닉스,KOSDAQ,53217456750
420570,제이투케이바이오,KOSDAQ,53212095300
002410,범양건영,KOSPI,53173451700
170790,파이오링크,KOSDAQ,53097880500
053270,구영테크,KOSDAQ,53066544080
043710,코스리거글로벌,KOSDAQ,53062818630
006980,우성,KOSPI,53024400000
419080,엔젯,KOSDAQ,52945748790
053160,프리엠스,KOSDAQ,52920000000
071670,에이테크솔루션,KOSDAQ,52900000000
459550,알트,KOSDAQ,52837494295
024910,경창산업,KOSDAQ,52474842325
006125,SK디스커버리우,KOSPI,52409047750
457600,벡트,KOSDAQ,52362650000
054930,유신,KOSDAQ,52260000000
317850,대모,KOSDAQ,51777892400
104620,노랑풍선,KOSDAQ,51776500160
012690,모나리자,KOSPI,51565469550
163280,에어레인,KOSDAQ,51555665620
314140,알피바이오,KOSDAQ,51478184340
024950,삼천리자전거,KOSDAQ,51460000000
109080,옵티시스,KOSDAQ,51456680000
039240,경남스틸,KOSDAQ,51450104828
010770,평화홀딩스,KOSPI,51408512990
370090,퓨런티어,KOSDAQ,51255411700
005305,롯데칠성우,KOSPI,51247991000
052790,액토즈소프트,KOSDAQ,51126879960
092300,현우산업,KOSDAQ,51079922985
011230,삼화전자,KOSPI,50980988100
105760,포스뱅크,KOSDAQ,50954435000
015710,코콤,KOSDAQ,50926102500
123700,SJM,KOSPI,50871967480
355690,에이텀,KOSDAQ,50818765590
004830,덕성,KOSPI,50724800000
179530,애드바이오텍,KOSDAQ,50718512260
088910,동우팜투테이블,KOSDAQ,50671875080
021050,서원,KOSPI,50607912940
027050,코리아나,KOSDAQ,50440000000
393970,대진첨단소재,KOSDAQ,50428566500
023810,인팩,KOSPI,50200000000
347740,피엔케이피부임상연구센타,KOSDAQ,50177683072
246690,TS인베스트먼트,KOSDAQ,50171947140
256630,포인트엔지니어링,KOSDAQ,50167465550
340810,시선AI,KOSDAQ,50078640380
064800,포니링크,KOSDAQ,50023775263
006880,신송홀딩스,KOSPI,49917780760
453860,에이에스텍,KOSDAQ,49815389790
317830,에스피시스템스,KOSDAQ,49775039160
000950,전방,KOSPI,49560000000
340360,다보링크,KOSDAQ,49494833856
0013V0,삼진식품,KOSDAQ,49494093440
094940,푸른로보틱스,KOSDAQ,49415791260
007460,에이프로젠,KOSPI,49401928890
219550,디와이디,KOSDAQ,49365397530
408470,한패스,KOSDAQ,49265520000
063440,SM Life Design,KOSDAQ,49262148668
019990,에너토크,KOSDAQ,49170683520
382150,온코크로스,KOSDAQ,49119522810
321820,아티스트컴퍼니,KOSDAQ,49112834400
060560,HC홈센타,KOSDAQ,48973453929
044340,위닉스,KOSDAQ,48973184500
225190,LK삼양,KOSDAQ,48905097360
046940,우원개발,KOSDAQ,48710373250
002630,오리엔트바이오,KOSPI,48678323142
376290,씨유테크,KOSDAQ,48558125000
011000,진원생명과학,KOSPI,48531471270
001620,케이비아이동국실업,KOSPI,48412468050
311690,CJ 바이오사이언스,KOSDAQ,48407536710
002140,고려산업,KOSPI,48382484500
011300,우성머티리얼스,KOSPI,48355128525
122310,제노레이,KOSDAQ,48318762080
452400,이닉스,KOSDAQ,48259996960
011390,부산산업,KOSPI,48206400000
463480,모티브링크,KOSDAQ,48136540830
348080,큐라티스,KOSDAQ,47911657455
042110,에스씨디,KOSDAQ,47797938796
014190,원익큐브,KOSDAQ,47783345850
179900,유티아이,KOSDAQ,47776041585
217500,러셀,KOSDAQ,47718000000
199550,레이저옵텍,KOSDAQ,47654989110
418250,시큐레터,KOSDAQ,47629012750
321260,프로이천,KOSDAQ,47588237792
033170,시그네틱스,KOSDAQ,47407758195
440290,HB인베스트먼트,KOSDAQ,47393578890
004920,씨아이테크,KOSPI,47327143904
004410,서울식품,KOSPI,47306560587
009835,한화솔루션우,KOSPI,47304411440
059100,아이컴포넌트,KOSDAQ,47304053400
232830,아이티센피엔에스,KOSDAQ,47286456360
189860,서전기전,KOSDAQ,47184564700
009320,아진전자부품,KOSPI,47130580120
023440,제이스코홀딩스,KOSDAQ,46964378481
053450,세코닉스,KOSDAQ,46893185510
041650,상신브레이크,KOSPI,46807761000
007110,일신석재,KOSPI,46706335830
384470,코어라인소프트,KOSDAQ,46660465800
373160,데이원컴퍼니,KOSDAQ,46519959750
189980,흥국에프엔비,KOSDAQ,46519741493
083550,케이엠,KOSDAQ,46497645950
032960,동일기연,KOSDAQ,46445454000
004540,깨끗한나라,KOSPI,46439144171
373200,엑스플러스,KOSDAQ,46380074924
069460,대호에이엘,KOSPI,46322277400
101140,인바이오젠,KOSPI,46253614680
357250,미래에셋맵스리츠,KOSPI,46215949145
038010,제일테크노스,KOSDAQ,46170000000
073110,엘엠에스,KOSDAQ,46080010900
277070,린드먼아시아,KOSDAQ,45868200000
229000,젠큐릭스,KOSDAQ,45848918905
002920,유성기업,KOSPI,45719495000
131400,이브이첨단소재,KOSDAQ,45647381612
263700,케어랩스,KOSDAQ,45623370000
361570,알비더블유,KOSDAQ,45586859526
000910,유니온,KOSPI,45585927480
476040,오가노이드사이언스,KOSDAQ,45507601600
053980,오상자이엘,KOSDAQ,45463765285
065130,탑엔지니어링,KOSDAQ,45451360000
150900,파수AI,KOSDAQ,45411217360
094970,제이엠티,KOSDAQ,45387730400
068330,일신바이오,KOSDAQ,45365759640
471820,셀로맥스사이언스,KOSDAQ,45268030395
178780,일월지엠엘,KOSDAQ,45200047875
072990,에이치시티,KOSDAQ,45089420660
198080,캐프,KOSDAQ,45008536650
003080,SB성보,KOSPI,44944900000
143540,영우디에스피,KOSDAQ,44867494370
074610,이엔플러스,KOSPI,44815400070
051390,YW,KOSDAQ,44683373080
0010V0,제이피아이헬스케어,KOSDAQ,44672250000
072470,우리산업홀딩스,KOSDAQ,44668561465
033340,좋은사람들,KOSDAQ,44597256680
466410,사이냅소프트,KOSDAQ,44577653550
317690,퀀타매트릭스,KOSDAQ,44498414090
226340,본느,KOSDAQ,44469565200
037950,엘컴텍,KOSDAQ,44419392890
066130,하츠,KOSDAQ,44416000000
114450,그린생명과학,KOSDAQ,44200000000
084870,TBH글로벌,KOSPI,44189832960
092780,DYP,KOSPI,44180183300
288330,파라택시스코리아,KOSDAQ,44129674368
460470,아이빔테크놀로지,KOSDAQ,44072963550
050120,ES큐브,KOSDAQ,44015459070
099410,동방선기,KOSDAQ,43820000000
317870,엔바이오니아,KOSDAQ,43723170775
260930,씨티케이,KOSDAQ,43711995660
196300,HLB펩,KOSDAQ,43672156200
900250,크리스탈신소재,KOSDAQ,43586856217
222420,쎄노텍,KOSDAQ,43576670700
005320,온타이드,KOSPI,43418563150
042040,케이피엠테크,KOSDAQ,43354955000
026940,부국철강,KOSPI,43300000000
263020,디케이앤디,KOSDAQ,43168775520
900340,윙입푸드,KOSDAQ,43126271184
479960,위너스일렉,KOSDAQ,43112300000
004910,조광페인트,KOSPI,43072000000
258610,케일럼,KOSDAQ,42979404214
008420,문배철강,KOSPI,42954842975
082850,우리바이오,KOSDAQ,42738699150
022220,티케이지애강,KOSDAQ,42730527675
014910,성문전자,KOSPI,42709080178
413640,비아이매트릭스,KOSDAQ,42520946000
307280,원바이오젠,KOSDAQ,42496815730
481850,신한글로벌액티브리츠,KOSPI,42434200064
140520,대창스틸,KOSDAQ,42429578430
129890,앱코,KOSDAQ,42175227452
238120,얼라인드,KOSDAQ,42157182410
086060,진바이오텍,KOSDAQ,41976611625
256150,한독크린텍,KOSDAQ,41891050000
017180,명문제약,KOSPI,41830655328
461030,아이엠비디엑스,KOSDAQ,41785117055
159580,제로투세븐,KOSDAQ,41768046060
190650,코리아에셋투자증권,KOSDAQ,41522000000
004060,SG세계물산,KOSPI,41497116800
227950,엔투텍,KOSDAQ,41478867218
019490,엑시큐어하이트론,KOSPI,41349858070
261200,덴티스,KOSDAQ,41342365500
286750,나노실리칸첨단소재,KOSDAQ,41317224240
002290,삼일기업공사,KOSDAQ,41292000000
290670,대보마그네틱,KOSDAQ,41252715000
263810,상신전자,KOSDAQ,41245296750
056700,신화인터텍,KOSDAQ,41226153765
023350,한국종합기술,KOSPI,41172000000
224110,에이텍모빌리티,KOSDAQ,41100322740
007680,대원,KOSDAQ,41056601490
446070,유니드비티플러스,KOSPI,41012345975
000215,DL우,KOSPI,40972594500
136410,아셈스,KOSDAQ,40825787730
199480,뱅크웨어글로벌,KOSDAQ,40786352000
189690,포시에스,KOSDAQ,40573123965
452200,민테크,KOSDAQ,40416780800
017040,광명전기,KOSPI,40390657180
465480,인스피언,KOSDAQ,40297643700
263770,유에스티,KOSDAQ,40219191884
066900,디에이피,KOSDAQ,40212281304
008870,금비,KOSPI,40200000000
027830,대성창투,KOSDAQ,39906000000
064090,인크레더블버즈,KOSDAQ,39694710510
009810,MDS스피어,KOSPI,39685729200
011420,갤럭시아에스엠,KOSPI,39643937716
100660,서암기계공업,KOSDAQ,39627000000
037230,한국팩키지,KOSDAQ,39515233602
011330,유니켐,KOSPI,39423915040
203450,유니온바이오메트릭스,KOSDAQ,39421219600
044960,이글벳,KOSDAQ,39316256130
049830,승일,KOSDAQ,39184195680
053950,경남제약,KOSDAQ,38984242563
084650,랩지노믹스,KOSDAQ,38827514770
218150,미래생명자원,KOSDAQ,38790023800
047400,유니온머티리얼,KOSPI,38682000000
450330,하스,KOSDAQ,38519096315
221980,케이디켐,KOSDAQ,38370948000
050860,아세아텍,KOSDAQ,38317500000
065440,이루온,KOSDAQ,38239578040
352700,씨앤투스,KOSDAQ,38154057348
145270,케이탑리츠,KOSPI,38112193782
025880,케이씨피드,KOSDAQ,38112156240
184230,SGA솔루션즈,KOSDAQ,38044583040
052220,iMBC,KOSDAQ,37973000000
045510,정원엔시스,KOSDAQ,37964828142
023960,에쓰씨엔지니어링,KOSPI,37959901054
007530,와이엠,KOSDAQ,37921209624
051630,진양화학,KOSPI,37863200000
002870,신풍,KOSPI,37790354700
002360,SH에너지화학,KOSPI,37785468200
221840,하이즈항공,KOSDAQ,37775133220
081580,성우전자,KOSDAQ,37762328205
101240,씨큐브,KOSDAQ,37705412640
049800,우진플라임,KOSPI,37680000000
215380,콜마바이오텍,KOSDAQ,37614102360
046310,백금T&A,KOSDAQ,37598687890
019770,서연탑메탈,KOSDAQ,37571250000
054780,키이스트,KOSDAQ,37389122286
219420,링크제니시스,KOSDAQ,37333245285
234100,폴라리스세원,KOSDAQ,37234171800
273060,와이즈버즈,KOSDAQ,37153075680
097870,효성오앤비,KOSDAQ,37101300000
250000,보라티알,KOSDAQ,37061524170
134790,시디즈,KOSPI,37040000000
122690,서진오토모티브,KOSDAQ,36903586434
010640,진양폴리,KOSPI,36656500000
208710,포톤,KOSDAQ,36508965640
133820,화인베스틸,KOSPI,36446440964
046390,삼화네트웍스,KOSDAQ,36437955030
121890,에스디시스템,KOSDAQ,36285647580
035460,기산텔레콤,KOSDAQ,36256426200
065500,오리엔트정공,KOSDAQ,36243312768
038070,서린바이오,KOSDAQ,36226133020
086040,바이오톡스텍,KOSDAQ,36225220690
258790,소프트캠프,KOSDAQ,36187373440
123570,이엠넷,KOSDAQ,36154074594
043910,자연과환경,KOSDAQ,36115176825
171010,램테크놀러지,KOSDAQ,36032855040
284620,카이노스메드,KOSDAQ,35965517911
009190,대양금속,KOSPI,35951340000
027740,마니커,KOSPI,35915599434
000890,보해양조,KOSPI,35911232500
042940,상지건설,KOSDAQ,35850738000
039290,인포뱅크,KOSDAQ,35819189360
037370,EG,KOSDAQ,35793633800
057540,옴니시스템,KOSDAQ,35755349336
387570,파인메딕스,KOSDAQ,35724465000
318410,비비씨,KOSDAQ,35720212490
068940,셀피글로벌,KOSDAQ,35720093048
060850,영림원소프트랩,KOSDAQ,35573125000
051490,나라엠앤디,KOSDAQ,35571000000
239890,피엔에이치테크,KOSDAQ,35570002900
363250,진시스템,KOSDAQ,35565036760
196450,코아시아씨엠,KOSDAQ,35440240000
263050,유틸렉스,KOSDAQ,35324626904
045060,오공,KOSDAQ,35324015790
024120,KB오토시스,KOSDAQ,35305000000
066360,체리부로,KOSDAQ,35244730290
406820,뷰티스킨,KOSDAQ,35199030930
014570,고려제약,KOSDAQ,35090000000
060540,에스에이티,KOSDAQ,34991998626
260660,알리코제약,KOSDAQ,34945607880
0010F0,보원케미칼,KOSDAQ,34935189135
446840,지슨,KOSDAQ,34867589640
332290,누보,KOSDAQ,34773910620
186230,그린플러스,KOSDAQ,34726197840
106240,파인테크닉스,KOSDAQ,34715979684
026040,제이에스티나,KOSDAQ,34657959000
177900,쓰리에이로직스,KOSDAQ,34611222000
169330,엠브레인,KOSDAQ,34564024266
452300,캡스톤파트너스,KOSDAQ,34502744675
013000,세우글로벌,KOSPI,34474742231
057030,YBM넷,KOSDAQ,34338227185
008250,이건산업,KOSPI,34226984375
153460,네이블,KOSDAQ,34217273360
075130,플랜티넷,KOSDAQ,34179318400
432430,와이랩,KOSDAQ,34172222400
469750,아이비젼웍스,KOSDAQ,34146372671
207760,미스터블루,KOSDAQ,34145789580
397810,애드포러스,KOSDAQ,34112689700
204020,그리티,KOSDAQ,34077857664
290120,DH오토리드,KOSDAQ,34024130550
004365,세방우,KOSPI,33977992500
434480,모니터랩,KOSDAQ,33853325000
009460,한창제지,KOSPI,33810739640
012280,영화금속,KOSPI,33726187905
310870,디와이씨,KOSDAQ,33629271468
000760,이화산업,KOSPI,33572000000
143210,핸즈코퍼레이션,KOSPI,33571739817
005820,원림,KOSPI,33435463500
064520,테크엘,KOSDAQ,33280731318
290090,트윔,KOSDAQ,33222136120
131090,시큐브,KOSDAQ,33160096930
038060,루멘스바이오스,KOSDAQ,33143014541
052600,한네트,KOSDAQ,33130000500
476080,M83,KOSDAQ,32954160000
099220,SDN,KOSDAQ,32919895050
208860,다산디엠씨,KOSDAQ,32795671020
431190,케이쓰리아이,KOSDAQ,32790615960
068050,팬엔터테인먼트,KOSDAQ,32762091908
002880,디와이에이,KOSPI,32741796500
335810,프리시젼바이오,KOSDAQ,32704763940
104200,NHN벅스,KOSDAQ,32620610000
311390,네오크레마,KOSDAQ,32583506675
215090,솔디펜스,KOSDAQ,32487392383
206400,베노티앤알,KOSDAQ,32483796828
270520,앱튼,KOSDAQ,32421800340
006920,모헨즈,KOSDAQ,32377800000
021650,한국큐빅,KOSDAQ,32259660799
408900,스튜디오미르,KOSDAQ,32228882136
032790,엠젠솔루션,KOSDAQ,32228533030
090370,메타랩스,KOSPI,32219533020
200780,비씨월드제약,KOSDAQ,32156967915
900270,헝셩그룹,KOSDAQ,32151033780
417860,오브젠,KOSDAQ,32054029860
031510,오스템,KOSDAQ,32032000000
012160,영흥,KOSPI,32022441150
133750,메가엠디,KOSDAQ,31927253028
318020,포인트모바일,KOSDAQ,31921800840
033830,티비씨,KOSDAQ,31896328310
220180,폴라리스AI핸디,KOSDAQ,31875881544
088790,진도,KOSPI,31866224640
093380,풍강,KOSDAQ,31860784425
419120,산돌,KOSDAQ,31859719360
089140,넥스턴앤롤코리아,KOSDAQ,31781185550
462510,라메디텍,KOSDAQ,31778703650
025440,DH오토웨어,KOSDAQ,31707793000
270870,뉴트리,KOSDAQ,31706832150
087600,픽셀플러스,KOSDAQ,31686245040
006370,대구백화점,KOSPI,31544996065
226330,신테카바이오,KOSDAQ,31536017500
050110,캠시스,KOSDAQ,31533584017
080520,오디텍,KOSDAQ,31532931345
296640,이노에이엑스,KOSDAQ,31483772160
065950,웰크론,KOSDAQ,31393207824
127980,화인써키트,KOSDAQ,31318609180
091340,S&K폴리텍,KOSDAQ,31307453675
258830,세종메디칼,KOSDAQ,31223976612
016600,큐캐피탈,KOSDAQ,31204178235
159910,에코글로우,KOSDAQ,31191949060
263920,휴엠앤씨,KOSDAQ,31143657550
430690,한싹,KOSDAQ,31106092920
014130,한익스프레스,KOSPI,31021942875
012620,원일특강,KOSDAQ,31020000000
090410,덕신이피씨,KOSDAQ,30922427745
109820,진매트릭스,KOSDAQ,30896364600
153490,우리이앤엘하루틴,KOSDAQ,30888000000
148930,에이치와이티씨,KOSDAQ,30881771455
010400,우진아이엔에스,KOSPI,30869100000
009140,케이아이이,KOSPI,30834745110
173940,에프엔씨엔터,KOSDAQ,30770223192
001070,대한방직,KOSPI,30740000000
900070,글로벌에스엠,KOSDAQ,30714677712
197140,디지캡,KOSDAQ,30711043440
003535,한화투자증권우,KOSPI,30672000000
271830,팸텍,KOSDAQ,30669810080
024070,WISCOM,KOSPI,30545590934
025750,한솔홈데코,KOSPI,30501963897
336060,웨이버스,KOSDAQ,30434086400
038620,위즈코프,KOSDAQ,30367515465
037330,인지디스플레,KOSDAQ,30324689784
376980,원티드랩,KOSDAQ,30324653370
356890,싸이버원,KOSDAQ,30302946375
064480,브리지텍,KOSDAQ,30239825000
246250,에스엘에스바이오,KOSDAQ,30220617614
444530,심플랫폼,KOSDAQ,30197235270
038950,파인디지털,KOSDAQ,30172810575
099390,브레인즈컴퍼니,KOSDAQ,30124398610
071850,캐스텍코리아,KOSDAQ,30059302182
075970,동국알앤에스,KOSDAQ,30028800000
049120,파인디앤씨,KOSDAQ,30002706290
462310,뉴키즈온,KOSDAQ,29975205975
369370,블리츠웨이엔터테인먼트,KOSDAQ,29973017910
262840,아이퀘스트,KOSDAQ,29851639400
036420,콘텐트리중앙,KOSPI,29818052784
464280,티디에스팜,KOSDAQ,29806700000
038870,에코심플렉스,KOSDAQ,29781766625
073570,리튬포어스,KOSDAQ,29732200160
462980,아이지넷,KOSDAQ,29703897873
464580,닷밀,KOSDAQ,29652209379
097780,에코볼트,KOSDAQ,29648203029
237820,플레이디,KOSDAQ,29630693400
020180,대신정보통신,KOSDAQ,29551835635
388610,지에프씨생명과학,KOSDAQ,29342860330
317240,TS트릴리온,KOSDAQ,29322594555
073540,에프알텍,KOSDAQ,29298000000
070590,인티큐브,KOSDAQ,29285789310
128540,에코캡,KOSDAQ,29226053700
043340,에쎈테크,KOSDAQ,29212500000
025890,한국주강,KOSPI,29198893920
069640,한세엠케이,KOSPI,29147280021
452160,제이엔비,KOSDAQ,29141106810
368970,오에스피,KOSDAQ,29054671030
377030,비트맥스,KOSDAQ,28940696550
308170,씨티알모빌리티,KOSPI,28929600000
002690,동일제강,KOSPI,28806210840
033540,파라텍,KOSDAQ,28787727830
045300,성우테크론,KOSDAQ,28687872640
072770,멤레이비티,KOSDAQ,28643347620
187270,신화콘텍,KOSDAQ,28605642900
109960,앱토크롬,KOSDAQ,28554523671
236810,엔비티,KOSDAQ,28518715680
188260,세니젠,KOSDAQ,28497701900
006570,대림통상,KOSPI,28470750000
300120,라온피플,KOSDAQ,28464808625
003680,한성기업,KOSPI,28408531125
364950,에이아이코리아,KOSDAQ,28373841900
225220,제놀루션,KOSDAQ,28362851038
006740,블루산업개발,KOSPI,28296810045
160550,NEW,KOSDAQ,28296791484
198940,한주라이트메탈,KOSDAQ,28291768960
068100,케이웨더,KOSDAQ,28268260320
200350,아티스트스튜디오,KOSDAQ,28238770625
079170,한창산업,KOSDAQ,28236000000
043220,티에스넥스젠,KOSDAQ,28191099330
407400,꿈비,KOSDAQ,28171477950
019570,GMI벤처,KOSDAQ,28157761800
088340,유라클,KOSDAQ,28150173600
031310,아이즈비전,KOSDAQ,28140331846
367000,플래티어,KOSDAQ,28100493450
239610,에이치엘사이언스,KOSDAQ,28092919150
119500,포메탈,KOSDAQ,28018703680
254120,자비스,KOSDAQ,27986385700
007770,한일화학,KOSDAQ,27974700000
089150,케이씨티,KOSDAQ,27920200000
288620,에스프리즘,KOSDAQ,27882367420
048470,대동스틸,KOSDAQ,27840250000
008470,부스타,KOSDAQ,27803078400
148250,알엔투테크놀로지,KOSDAQ,27765836160
007120,미래아이앤지,KOSPI,27760283824
114630,폴라리스우노,KOSDAQ,27748749280
019175,신풍제약우,KOSPI,27737833900
297570,아틀라스링크,KOSDAQ,27593108355
290560,파라택시스이더리움,KOSDAQ,27573246090
130500,GH신소재,KOSDAQ,27562873540
333050,이노테나,KOSDAQ,27527507800
067010,이씨에스,KOSDAQ,27384577500
318010,팜스빌,KOSDAQ,27316569410
115480,씨유메디칼,KOSDAQ,27281049750
351330,이삭엔지니어링,KOSDAQ,27186345600
359090,씨엔알리서치,KOSDAQ,27183648195
016920,카스,KOSDAQ,27163559724
066910,손오공,KOSDAQ,27080472320
017000,신원종합개발,KOSDAQ,27069822640
002680,한탑,KOSDAQ,27068544700
450520,인스웨이브,KOSDAQ,27056423520
101670,하이드로리튬,KOSDAQ,27025941012
057680,티사이언티픽,KOSDAQ,26895324027
900310,컬러레이,KOSDAQ,26769420150
195500,마니커에프앤지,KOSDAQ,26747172000
096630,에스코넥,KOSDAQ,26735727932
078590,휴림에이텍,KOSDAQ,26718785425
080530,코디,KOSDAQ,26682758440
118000,메타케어,KOSPI,26643388280
069410,엔텔스,KOSDAQ,26636542400
398120,에스지헬스케어,KOSDAQ,26584192195
013720,청보,KOSDAQ,26581897180
373170,엠아이큐브솔루션,KOSDAQ,26570042820
290270,휴네시온,KOSDAQ,26469136360
005110,한창,KOSPI,26467434378
215790,이노인스트루먼트,KOSDAQ,26466028893
032750,삼진,KOSDAQ,26461187460
140430,카티스,KOSDAQ,26456529825
123840,뉴온,KOSDAQ,26440185000
115530,씨엔플러스,KOSDAQ,26389819125
139670,키네마스터,KOSDAQ,26373937080
091970,LSK아이로봇,KOSDAQ,26371730000
033250,체시스,KOSPI,26368000000
016670,디모아,KOSDAQ,26352094890
131220,대한과학,KOSDAQ,26351622150
053290,NE능률,KOSDAQ,26326407051
328380,솔트웨어,KOSDAQ,26176760100
043200,파루,KOSDAQ,26127696250
069140,누리플랜,KOSDAQ,26115740920
193250,링크드,KOSDAQ,26069419350
134060,이퓨쳐,KOSDAQ,25992412500
047080,한빛소프트,KOSDAQ,25989013014
079000,와토스코리아,KOSDAQ,25956000000
052300,오션인더블유,KOSDAQ,25925628288
079190,케스피온,KOSDAQ,25874471952
103840,우양,KOSDAQ,25842589812
033050,제이엠아이,KOSDAQ,25662498368
138070,신진에스엠,KOSDAQ,25642193860
006345,대원전선우,KOSPI,25635336000
101680,한국정밀기계,KOSDAQ,25632200000
002355,넥센타이어1우B,KOSPI,25577500000
376180,피코그램,KOSDAQ,25558549326
146060,율촌,KOSDAQ,25552593080
389680,유디엠텍,KOSDAQ,25461320580
096690,에이루트,KOSDAQ,25424361440
363260,모비데이즈,KOSDAQ,25409374350
33637K,솔루스첨단소재1우,KOSPI,25360641000
348030,모비릭스,KOSDAQ,25354032000
001810,무림SP,KOSDAQ,25258887500
060380,동양에스텍,KOSDAQ,25255400000
027040,서울전자통신,KOSDAQ,25246832966
357430,마스턴프리미어리츠,KOSPI,25197383582
458350,에스팀,KOSDAQ,25181280000
238490,힘스,KOSDAQ,25169725100
322780,코퍼스코리아,KOSDAQ,25140182200
004270,남성,KOSPI,25080704000
105550,엣지파운드리,KOSDAQ,25042594590
054090,삼진엘앤디,KOSDAQ,25034109696
016100,리더스코스메틱,KOSDAQ,24983969352
083660,CSA 코스믹,KOSDAQ,24794578257
090150,아이윈,KOSDAQ,24790171680
351870,차이커뮤니케이션,KOSDAQ,24776625240
383930,디티앤씨알오,KOSDAQ,24762855936
290520,신도기연,KOSDAQ,24737249808
023150,MH에탄올,KOSPI,24681703340
069920,엑시온그룹,KOSDAQ,24668832366
368600,아이씨에이치,KOSDAQ,24660416740
070300,퀀텀레일,KOSDAQ,24618637197
021880,메이슨캐피탈,KOSDAQ,24613390400
003495,대한항공우,KOSPI,24548481100
191410,육일씨엔에쓰,KOSDAQ,24506071760
148780,비큐AI,KOSDAQ,24464774050
044780,에이치케이,KOSDAQ,24316604118
101400,엔시트론,KOSDAQ,24314464976
123750,알톤,KOSDAQ,24294257322
415380,스튜디오삼익,KOSDAQ,24144677250
060230,제이케이시냅스,KOSDAQ,24138344230
131180,딜리,KOSDAQ,24125700000
006490,프리티,KOSPI,24117266547
355390,크라우드웍스,KOSDAQ,24033756816
224060,더코디,KOSDAQ,24023160910
035200,프럼파스트,KOSDAQ,23971950600
003060,에이프로젠바이오로직스,KOSPI,23903968410
020400,대동금속,KOSDAQ,23818021500
083640,인콘,KOSDAQ,23784840240
038880,아이에이,KOSDAQ,23708004565
115160,휴맥스,KOSDAQ,23691431500
208350,지란지교시큐리티,KOSDAQ,23656584400
058110,멕아이씨에스,KOSDAQ,23626380160
177830,파버나인,KOSDAQ,23614695405
405920,나라셀라,KOSDAQ,23605513308
039740,한국정보공학,KOSDAQ,23574087180
206560,덱스터,KOSDAQ,23556679272
464500,아이언디바이스,KOSDAQ,23508681840
076080,웰크론한텍,KOSDAQ,23384951460
001380,SG글로벌,KOSPI,23358871769
318000,KBG,KOSDAQ,23336395410
009310,참엔지니어링,KOSPI,23329484620
429270,시지트로닉스,KOSDAQ,23296024440
071950,코아스,KOSPI,23264844755
267790,배럴,KOSDAQ,23260159725
188040,바이오포트,KOSDAQ,23256160760
032680,소프트센,KOSDAQ,23148104524
257370,피엔티엠에스,KOSDAQ,23146497711
417180,핑거스토리,KOSDAQ,23145300450
365590,하이딥,KOSDAQ,23137944675
023790,동일스틸럭스,KOSDAQ,23055141312
378800,샤페론,KOSDAQ,23029028940
475660,에스켐,KOSDAQ,22996521500
223310,사토시홀딩스,KOSDAQ,22963345850
222980,한국맥널티,KOSDAQ,22945484640
027580,상보,KOSDAQ,22879480915
007720,소노스퀘어,KOSDAQ,22861542060
187220,디티앤씨,KOSDAQ,22853942139
054940,엑사이엔씨,KOSDAQ,22757051870
298060,풍전약품,KOSDAQ,22744374920
018680,서울제약,KOSDAQ,22724012731
215480,토박스코리아,KOSDAQ,22715100000
051380,피씨디렉트,KOSDAQ,22672626416
004870,티웨이홀딩스,KOSPI,22632698000
065690,파커스,KOSDAQ,22623316681
036480,대성미생물,KOSDAQ,22572000000
013810,스페코,KOSDAQ,22569423800
33626L,두산퓨얼셀2우B,KOSPI,22546565000
001420,태원물산,KOSPI,22534000000
023770,플레이위드,KOSDAQ,22500434925
033200,모아텍,KOSDAQ,22413028115
043590,웰킵스하이텍,KOSDAQ,22387828650
032800,판타지오,KOSDAQ,22373502544
017250,인터엠,KOSDAQ,22224013152
377330,이지트로닉스,KOSDAQ,22140674880
115570,스타플렉스,KOSDAQ,22077164620
030720,동원수산,KOSPI,22035766675
237750,피앤씨테크,KOSDAQ,22023474000
303530,이노뎁,KOSDAQ,22017897000
192390,윈하이텍,KOSDAQ,22007765394
219750,한국비티비,KOSDAQ,21957262606
032860,더라미,KOSDAQ,21894556120
238200,비피도,KOSDAQ,21840600000
352940,인바이오,KOSDAQ,21789798650
317120,라닉스,KOSDAQ,21730240000
032080,아즈텍WB,KOSDAQ,21705939290
018700,졸스,KOSDAQ,21621882180
045520,크린앤사이언스,KOSDAQ,21515000000
039310,세중,KOSDAQ,21510418729
053060,세동,KOSDAQ,21471421504
340440,세림B&G,KOSDAQ,21454043184
005360,모나미,KOSPI,21335059603
032280,삼일,KOSDAQ,21320870850
012170,아센디오,KOSPI,21306425320
424760,벨로크,KOSDAQ,21257064640
277410,인산가,KOSDAQ,21203148000
065370,위세아이텍,KOSDAQ,21191947980
331520,밸로프,KOSDAQ,21170561760
054220,비츠로시스,KOSDAQ,21152234880
044480,빌리언스,KOSDAQ,21147581940
432980,엠에프씨,KOSDAQ,21135685320
067730,로지시스,KOSDAQ,21040780350
008775,호텔신라우,KOSPI,21015018050
241840,에이스토리,KOSDAQ,20892586860
361670,삼영에스앤씨,KOSDAQ,20856981440
247660,나노씨엠에스,KOSDAQ,20819061600
440320,오픈놀,KOSDAQ,20708500000
024940,PN풍년,KOSDAQ,20650000000
200230,텔콘RF제약,KOSDAQ,20576523730
344860,이노진,KOSDAQ,20515950000
372800,아이티아이즈,KOSDAQ,20478219990
130740,티피씨글로벌,KOSDAQ,20410788990
019660,글로본,KOSDAQ,20344781847
353190,휴럼,KOSDAQ,20279886300
000040,KR모터스,KOSPI,20245612044
048830,엔피케이,KOSDAQ,20146941148
043360,디지아이,KOSDAQ,20115000000
021040,대호특수강,KOSDAQ,20076915950
362990,드림인사이트,KOSDAQ,20059885356
276730,한울앤제주,KOSDAQ,20019567040
009620,삼보산업,KOSDAQ,19989163480
001685,대상우,KOSPI,19977851340
096870,엘디티,KOSDAQ,19951717610
00499K,롯데지주우,KOSPI,19898394100
095910,에스에너지,KOSDAQ,19894402164
015020,이스타코,KOSPI,19883142400
438700,버넥트,KOSDAQ,19871338870
275630,에스에스알,KOSDAQ,19859394240
069330,유아이디,KOSDAQ,19817559006
289220,자이언트스텝,KOSDAQ,19746315585
301300,바이브컴퍼니,KOSDAQ,19626830304
080470,성창오토텍,KOSDAQ,19564000000
002070,비비안,KOSPI,19471299000
073190,듀오백,KOSDAQ,19412160880
227610,아우딘퓨쳐스,KOSDAQ,19374571000
085810,알티캐스트,KOSDAQ,19325214751
050760,에스폴리텍,KOSDAQ,19307589396
063760,이엘피,KOSDAQ,19303019100
098660,에스티오,KOSDAQ,19276504992
342870,오아,KOSDAQ,19211944425
214610,롤링스톤,KOSDAQ,19197807380
038530,케이바이오랩스,KOSDAQ,19184578920
108675,LX하우시스우,KOSPI,19170368100
353590,오토앤,KOSDAQ,19158848160
088290,이원컴포텍,KOSDAQ,19142572800
347770,핌스,KOSDAQ,19124788488
113810,디젠스,KOSDAQ,19087409250
110020,전진바이오팜,KOSDAQ,19068694010
083470,이엠앤아이,KOSDAQ,18992892810
079950,인베니아,KOSDAQ,18987561600
065150,대산F&B,KOSDAQ,18950567360
405000,플라즈맵,KOSDAQ,18941700300
154030,아시아종묘,KOSDAQ,18840636254
252500,세화피앤씨,KOSDAQ,18793334670
018620,우진비앤지,KOSDAQ,18788381220
115610,이미지스,KOSDAQ,18744567634
031860,디에이치엑스컴퍼니,KOSDAQ,18714756060
274400,이노시뮬레이션,KOSDAQ,18536445720
014100,메디앙스,KOSDAQ,18490600000
084440,유비온,KOSDAQ,18481917720
065060,지엔코,KOSDAQ,18420436950
455180,케이지에이,KOSDAQ,18386168750
403490,우듬지팜,KOSDAQ,18372984000
026910,광진실업,KOSDAQ,18354074690
195990,루트K,KOSDAQ,18242418880
056730,CNT85,KOSDAQ,18172062562
093240,형지엘리트,KOSPI,18171516664
196700,웹스,KOSDAQ,17969544144
078860,아이오케이이엔엠,KOSDAQ,17944731140
365900,브이씨,KOSDAQ,17910235000
279600,미디어젠,KOSDAQ,17895863420
419540,비스토스,KOSDAQ,17874759000
137940,넥스트아이,KOSDAQ,17867774007
131100,티엔엔터테인먼트,KOSDAQ,17832436160
051780,큐로홀딩스,KOSDAQ,17784056160
154040,다산솔루에타,KOSDAQ,17681568980
037400,우리엔터프라이즈,KOSDAQ,17622087840
008600,윌비스,KOSPI,17615839860
009440,KC그린홀딩스,KOSPI,17568790596
054410,케이피티유,KOSDAQ,17494286420
900120,씨엑스아이,KOSDAQ,17336446400
210120,캔버스엔,KOSDAQ,17247388989
0197V0,엔에이치스팩34호,KOSDAQ,17195000000
373110,엑셀세라퓨틱스,KOSDAQ,17034978090
011090,에넥스,KOSPI,16896301950
482680,미래에셋비전스팩7호,KOSDAQ,16881825000
477380,미래에셋비전스팩4호,KOSDAQ,16848000000
241820,피씨엘,KOSDAQ,16803871920
006200,한국전자홀딩스,KOSPI,16802325465
009730,이렘,KOSDAQ,16668801270
465770,STX그린로지스,KOSPI,16493998300
0200G0,한국제17호스팩,KOSDAQ,16486500000
18064K,한진칼우,KOSPI,16041484250
005725,넥센우,KOSPI,16022670000
285800,진영,KOSDAQ,15956392080
034940,조아제약,KOSDAQ,15768730925
309930,조이웍스앤코,KOSDAQ,15712805424
376930,노을,KOSDAQ,15531011696
477340,에이치엠씨제7호스팩,KOSDAQ,15508150000
0072Z0,KB제33호스팩,KOSDAQ,15501910000
0130H0,엔에이치스팩33호,KOSDAQ,15384600000
0101C0,하나36호스팩,KOSDAQ,15332940000
065650,하이퍼코퍼레이션,KOSDAQ,15269651865
225590,패션플랫폼,KOSDAQ,15236093600
030350,드래곤플라이,KOSDAQ,15171092867
005257,녹십자홀딩스2우,KOSPI,15117841300
0044K0,삼성스팩10호,KOSDAQ,14987360000
418620,E8,KOSDAQ,14967259600
002025,코오롱우,KOSPI,14841989230
475460,미트박스,KOSDAQ,14793895500
473050,유안타제15호스팩,KOSDAQ,14756050000
0115H0,삼성스팩13호,KOSDAQ,14545650000
489480,키움제11호스팩,KOSDAQ,14520000000
060900,에이전트AI,KOSDAQ,14429048130
478440,미래에셋비전스팩6호,KOSDAQ,14345100000
050090,비케이홀딩스,KOSDAQ,14309118880
101000,KS인더스트리,KOSDAQ,14300832741
479880,한국제15호스팩,KOSDAQ,14220900000
335870,윙스풋,KOSDAQ,14170897620
0165X0,메리츠제2호스팩,KOSDAQ,14016640000
306040,에스제이그룹,KOSDAQ,13921278956
000087,하이트진로2우B,KOSPI,13889396020
060480,국일신동,KOSDAQ,13862500000
0099W0,미래에셋비전스팩11호,KOSDAQ,13846000000
239340,이스트에이드,KOSDAQ,13759611300
035620,바른손이앤에이,KOSDAQ,13715509566
004105,태양금속우,KOSPI,13695000000
024890,대원화성,KOSPI,13653468650
001795,대한제당우,KOSPI,13646209800
304840,피플바이오,KOSDAQ,13643890260
352770,셀레스트라,KOSDAQ,13610136750
0209J0,KB제34호스팩,KOSDAQ,13605270000
177350,베셀,KOSDAQ,13455809807
244460,올리패스,KOSDAQ,13415218661
45226K,한화갤러리아우,KOSPI,13360562000
092600,앤씨앤,KOSDAQ,13294262950
0134X0,대신밸런스제20호스팩,KOSDAQ,13271060000
481890,엔에이치스팩31호,KOSDAQ,13134150000
0164H0,한국제16호스팩,KOSDAQ,13115250000
469480,IBKS제24호스팩,KOSDAQ,13113000000
0096B0,삼성스팩12호,KOSDAQ,13067880000
0099X0,IBKS제25호스팩,KOSDAQ,13036400000
498390,한화플러스제5호스팩,KOSDAQ,13020000000
002820,SUN&L,KOSPI,12980007504
489730,디비금융제13호스팩,KOSDAQ,12948940000
0097F0,미래에셋비전스팩10호,KOSDAQ,12915500000
478390,KB제29호스팩,KOSDAQ,12875400000
00806K,대덕1우,KOSPI,12863107770
054180,메디콕스,KOSDAQ,12686716395
492220,KB제31호스팩,KOSDAQ,12637350000
0037T0,KB제32호스팩,KOSDAQ,12615690000
084695,대상홀딩스우,KOSPI,12615186420
482520,교보16호스팩,KOSDAQ,12596500000
103230,에스앤더블류,KOSDAQ,12571200000
0093G0,미래에셋비전스팩8호,KOSDAQ,12556800000
028080,휴맥스홀딩스,KOSDAQ,12547900200
0054V0,엔에이치스팩32호,KOSDAQ,12464082500
0131D0,키움히어로제2호스팩,KOSDAQ,12354980000
065570,삼영이엔씨,KOSDAQ,12295692232
0091W0,신영스팩11호,KOSDAQ,12287700000
145995,삼양사우,KOSPI,12138296000
477760,DB금융스팩12호,KOSDAQ,12118000000
0041L0,하나35호스팩,KOSDAQ,12053970000
0088D0,메리츠제1호스팩,KOSDAQ,12053600000
303030,지니틱스,KOSDAQ,11895561324
377220,프롬바이오,KOSDAQ,11890200000
0132G0,교보20호스팩,KOSDAQ,11880300000
015260,에이엔피,KOSPI,11779223500
469900,하나31호스팩,KOSDAQ,11770500000
482690,대신밸런스제19호스팩,KOSDAQ,11651125000
00781K,코리아써키트2우B,KOSPI,11512538310
474660,신한제12호스팩,KOSDAQ,11509200000
474490,유안타제16호스팩,KOSDAQ,11488350000
487360,신한제14호스팩,KOSDAQ,11477400000
0071M0,삼성스팩11호,KOSDAQ,11468160000
208640,썸에이지,KOSDAQ,11362004400
477470,미래에셋비전스팩5호,KOSDAQ,11343600000
0105P0,유진스팩12호,KOSDAQ,11280380000
496070,신한제16호스팩,KOSDAQ,11240000000
289010,아이스크림에듀,KOSDAQ,11211985824
060260,뉴보텍,KOSDAQ,11140867260
0129K0,신한제18호스팩,KOSDAQ,11116360000
38380K,LX홀딩스1우,KOSPI,11033596050
0096D0,미래에셋비전스팩9호,KOSDAQ,10950500000
486630,KB제30호스팩,KOSDAQ,10912050000
0098T0,교보19호스팩,KOSDAQ,10800000000
493790,유안타제17호스팩,KOSDAQ,10752750000
006050,국영지앤엠,KOSDAQ,10695391060
489210,교보17호스팩,KOSDAQ,10619000000
0004Y0,디비금융제14호스팩,KOSDAQ,10614055000
001067,JW중외제약2우B,KOSPI,10467154050
043100,알파AI,KOSDAQ,10457241600
0130D0,신한제17호스팩,KOSDAQ,10445040000
478110,이베스트스팩6호,KOSDAQ,10316100000
142760,모아라이프플러스,KOSDAQ,10225492650
466690,키움히어로제1호스팩,KOSDAQ,10190000000
305090,마이크로디지탈,KOSDAQ,10166241142
0041B0,교보18호스팩,KOSDAQ,10130400000
131760,파인텍,KOSDAQ,10032694980
004255,NPC우,KOSPI,10032000000
003075,코오롱글로벌우,KOSPI,9725876810
488060,유진스팩11호,KOSDAQ,9628800000
106080,케이이엠텍,KOSDAQ,9506998050
145210,다이나믹디자인,KOSPI,9461011840
019685,대교우B,KOSPI,9422090150
484130,하나34호스팩,KOSDAQ,9153000000
001755,한양증권우,KOSPI,9126391000
473950,에스케이증권제13호스팩,KOSDAQ,9083100000
065770,CS,KOSDAQ,8979864656
012340,뉴인텍,KOSDAQ,8906096372
487830,신한제15호스팩,KOSDAQ,8852250000
468760,유진스팩10호,KOSDAQ,8819200000
472230,에스케이증권제11호스팩,KOSDAQ,8746275000
487720,키움제10호스팩,KOSDAQ,8671500000
0068Y0,비엔케이제3호스팩,KOSDAQ,8555350000
33637L,솔루스첨단소재2우B,KOSPI,8538035920
0041J0,엘에스스팩1호,KOSDAQ,8203560000
000225,유유제약1우,KOSPI,8149613350
03481K,해성산업1우,KOSDAQ,8085649110
087260,모바일어플라이언스,KOSDAQ,8040556667
001000,신라섬유,KOSDAQ,7958177612
001515,SK증권우,KOSPI,7815246715
240600,유진테크놀로지,KOSDAQ,7776547170
475250,하나33호스팩,KOSDAQ,7751500000
079970,투비소프트,KOSDAQ,7646223464
067770,세진티에스,KOSDAQ,7624106444
001065,JW중외제약우,KOSPI,7591312200
474930,신한제13호스팩,KOSDAQ,7565800000
354200,엔젠바이오,KOSDAQ,7506729720
288980,모아데이타,KOSDAQ,7312657179
065420,에스아이리소스,KOSDAQ,7283384140
276040,스코넥,KOSDAQ,7073119545
473000,에스케이증권제12호스팩,KOSDAQ,6868250000
475240,하나32호스팩,KOSDAQ,6688000000
308100,형지글로벌,KOSDAQ,6635739486
004985,성신양회우,KOSPI,6606092100
000325,노루홀딩스우,KOSPI,6576093000
004835,덕성우,KOSPI,6180480000
044380,주연테크,KOSPI,6058793776
900100,파이온엑스,KOSDAQ,5782550800
291810,핀텔,KOSDAQ,5736605370
26490K,크라운제과우,KOSPI,5732079600
012205,계양전기우,KOSPI,5728487100
044180,KD,KOSDAQ,5477148795
090355,노루페인트우,KOSPI,5450993020
313760,캐리,KOSDAQ,5244963048
001770,SHD,KOSPI,5193603450
052770,아이톡시,KOSDAQ,4545457488
225430,케이엠제약,KOSDAQ,4527001150
002995,금호건설우,KOSPI,4383990000
000145,하이트진로홀딩스우,KOSPI,4289079100
025870,신라에스지,KOSDAQ,4236000000
000545,흥국화재우,KOSPI,4208640000
005030,부산주공,KOSPI,4082451472
009415,태영건설우,KOSPI,3971341140
005965,동부건설우,KOSPI,3891619680
084180,수성웹툰,KOSDAQ,3795599430
007575,일양약품우,KOSPI,3538386000
014825,동원시스템즈우,KOSPI,3457212990
36328K,티와이홀딩스우,KOSPI,3407352100
014285,금강공업우,KOSPI,3344591250
199730,바이오인프라,KOSDAQ,3298040826
250930,예선테크,KOSDAQ,3161442152
005745,크라운해태홀딩스우,KOSPI,3123775200
058450,한주에이알티,KOSDAQ,3017466348
014915,성문전자우,KOSPI,2886000000
011080,형지I&C,KOSDAQ,2568846844
000227,유유제약2우B,KOSPI,2480332800
008355,남선알미우,KOSPI,2158308900
001525,동양우,KOSPI,2100920000
035290,골드앤에스,KOSDAQ,1830776832
021045,대호특수강우,KOSDAQ,1684256620
004545,깨끗한나라우,KOSPI,1288883200
011155,CJ씨푸드1우,KOSPI,1170000000
196490,디에이테크놀로지,KOSDAQ,1123812855
001527,동양2우B,KOSPI,1030582050
004415,서울식품우,KOSPI,857544750
312610,에이에프더블류,KOSDAQ,850789296
002785,진흥기업우B,KOSPI,634335400
032685,소프트센우,KOSDAQ,399627200
002787,진흥기업2우B,KOSPI,348453600
